id,tasa_interes
865880,17.634680182410268
697257,7.390586675878602
246811,7.567061022884932
272949,12.781390754328605
913807,15.574478659428006
794030,15.310467513818374
582772,15.134777824040265
557905,7.0166104964803395
964919,16.847404315400613
845249,6.918930421610319
298880,7.2271490560835945
116427,16.04045690666179
943088,6.542810966740952
992653,17.677590584023918
110698,6.987561768800413
224347,16.553290928154947
225830,8.59036543080885
523477,15.353878789337989
582602,14.292613281192851
763855,15.98229583851286
595418,6.077060977460819
108272,6.639073499309374
944259,12.754271098113065
167621,16.829692115524452
769928,7.425790182052009
435527,8.427096725111756
758665,20.663946511153398
467585,15.104223705885916
733173,13.799233368995013
233114,12.578629195112619
987485,16.324209134201105
728839,6.37281837582346
436473,11.962237139371275
644577,16.008055772318155
592058,16.7251667270102
689344,16.952909425982234
953913,11.233196204392296
943390,12.235861490539891
638237,10.580844531838693
349559,15.48724214271383
125623,13.71415320998158
482106,19.403616212156095
381128,16.21218795447809
602271,15.070883566484442
295680,14.517119106177411
726224,13.952206898071042
483200,9.049538710641027
403705,11.747079280609848
519973,19.609935290916514
298448,6.652304801048573
394084,18.609165437953596
146136,15.004097245568236
543499,22.0282606475935
798149,16.95121159353417
935638,12.162849396333288
631189,15.006379743134978
508014,10.736809992347002
242113,6.818955580408759
904212,16.213115905931634
816830,7.321257519215885
838174,8.103143784175879
901588,6.736943349916328
888090,8.359491815025093
191932,15.712493240507817
312259,7.933725269756378
243584,13.051022495414648
917139,15.932521432511283
807985,15.225151105768534
111559,11.074339453417977
931527,16.427068932086286
492056,6.464089359262376
788707,11.365549589376755
911869,14.970958002580197
978197,19.295269864625926
551578,15.155157074294497
755793,6.824108260572593
519928,7.217827592448367
940199,15.515883843122822
454694,12.191208827496803
188681,8.431734476583081
215749,15.940060916536854
660511,17.857810793992595
446654,15.747007456236467
362418,13.682428359837996
689844,6.7447655657325765
280493,13.085737774592479
153231,19.111746247778893
266862,11.626299416996446
149576,15.587499801013095
461794,11.311140465771922
652577,6.61997262327764
381860,7.950334805763994
274125,16.16360297714862
801854,15.255258299162138
718008,6.637941750715321
199827,12.755884121624666
687165,16.06155095025865
692448,7.594507435522524
576902,7.32381937896583
257928,7.626779855313626
686169,11.7481777339216
513350,17.65329207361431
635285,13.661591662863097
921315,6.76713873979175
502673,15.543407164075878
177509,7.0636900319541205
416537,12.296881710706995
459138,5.94505270066631
603040,14.273469021007758
641429,11.869696419092977
554795,15.170791574699804
851190,6.708334661020283
525260,16.992969043912073
440491,14.994807084903945
279097,12.51670905268326
676401,17.010036537202502
449030,6.886723730665065
767553,17.11438095399641
200933,14.385631812332294
198057,7.350209419147518
367054,17.85902571965501
534878,18.49945351701838
326331,6.973479670994615
622326,8.273064560205567
640992,8.26619967973181
678921,18.360646879699882
694697,7.0956660560780715
330701,23.297588265933488
379762,16.785702542911487
346498,7.199784385021563
172141,14.037529676454264
384195,11.399937635044568
822444,7.26913881163837
240161,6.187892010272951
793334,14.229526871066005
799076,6.86758950920455
594649,17.13768377735622
724130,10.552313568916635
941705,6.522959589144078
612662,16.20400194033445
660176,6.970740854184841
925393,12.568929626038436
325615,15.16811533316266
636375,15.165651421405526
445620,14.316919183188116
188182,16.16924539213618
988505,12.449040456200072
530533,7.113043931783612
973621,8.148233594813284
989981,6.243798303061755
413643,6.514669567041873
354363,17.580783335248046
620905,15.831256641331558
160895,6.792578015302944
518358,16.89962751161523
993050,14.642468128000935
990059,16.103495410774073
139388,12.682876917916586
661248,15.260713004397864
397151,7.138870667128913
716805,15.004904655018894
904465,8.15757796157899
327395,7.81852631396041
538303,8.190232364870758
654942,8.863880198496098
864648,11.669063694927063
299163,11.961594295178005
405326,8.165784869730182
760395,7.699920195144798
460434,16.339638262957678
537976,7.267993967057375
361621,13.90602480269562
122948,16.51619945325922
838824,19.602110576479557
710539,8.432391100435593
520325,15.041043270611386
338882,14.02673382188041
681034,11.221404536132871
805767,7.380138458744738
890681,6.4387819013140195
218177,16.591803060922825
617426,17.696881436696835
934935,8.677213435630335
374514,17.77613978440374
873595,7.136167669604116
803077,11.624294800660278
617901,11.84475832324662
563922,8.41432489282161
382763,6.42544450594356
166727,17.147263674872715
380323,12.273276829304965
599227,10.662382268565953
530870,11.954441120571474
489251,13.397595273235869
714300,16.71843445169782
172801,15.78343711808853
660700,9.285432979026245
315254,14.809693545400782
349270,15.585945547067633
222253,11.248403243369943
463344,14.467330305526653
393927,17.34386379577282
784502,6.865277882335595
641074,10.949891714883133
867807,17.024048456834436
580724,13.943973983701754
947771,13.463169539393343
296070,13.088157873910262
565134,7.249588924918752
146263,7.926434347677615
642928,6.511610293557044
613757,15.346848660888416
485851,15.73054645064401
958624,11.549280712844482
309215,8.562883246477766
373439,11.446277305374457
977182,6.612071964124139
213240,6.758922442973249
561673,7.842196605219022
772215,9.439997593921795
833046,15.310897487951483
609631,17.816468621963693
206101,8.942776651632009
546474,16.238981004105273
121439,14.590293289785597
228069,13.938810320692083
424125,15.464019630494345
928999,11.745599896294035
226923,11.287176363809321
984961,7.945952771381774
335055,7.9438326508689014
898391,11.507548456080395
525357,16.802632104708156
449228,7.034343541782641
808828,6.761790616657995
663164,20.102990002886976
694569,6.630646359713163
787614,15.554783762042717
905138,16.833008438989953
179157,16.66177656139321
228736,14.335536341570315
321836,14.318911065649397
287328,6.976810277534583
433726,11.542347766400598
403871,8.106428212068494
717843,16.314205532351984
918946,7.662274855967168
965465,14.745807708897551
620853,11.66225551420859
443960,7.6811037611048745
243248,18.506871761532647
486684,18.752618373681017
580517,16.414731788665
568559,11.40921574207632
577866,15.24642138935532
323366,10.305128927621622
383372,18.49711383178846
559331,11.401532280000074
167330,16.434727488737146
267485,10.550857862382149
225794,15.624612164727282
972419,16.418893814559844
453082,11.938051242636964
973044,9.119644234670245
815826,17.047797696621
427062,17.349428228132815
383155,12.72791833653529
167240,13.725418451923474
987429,14.011631500942949
805476,11.003917589344894
171475,16.432834765348726
714897,14.365043020155861
244022,17.793379488971762
678811,14.568363969245702
450134,16.28215354024213
719251,16.782875871713852
758452,14.756913171001992
425057,17.236366642130733
730135,13.970682677097177
840559,7.627802355187186
628474,16.39230417173774
913122,12.201634914257372
267642,6.505134458098896
996935,14.47050284706927
404869,12.133184198013659
892610,12.778447148472635
713018,8.153662477530554
793653,14.93779640660005
637063,13.441736778544763
572744,18.901752985079824
515822,10.390323312248738
605794,17.843513974205283
461738,16.881720621212878
782331,7.320657721426955
266814,14.578821565676458
792189,7.468868680266162
918416,13.844676059190219
409850,7.445740719547906
641909,15.608308488216492
954873,9.322595749181662
557354,6.3726511014412885
625479,13.515839490927117
326328,19.18464592431115
143623,14.594726482542564
223728,19.15277509489869
727888,6.383970357989899
567673,7.210696053447073
717971,15.423876431306082
695457,6.6328094779434466
441985,16.456222000127344
367149,19.29042882392272
572487,9.18231035546619
424044,8.549946503347458
639572,16.326885548404064
327434,14.382826579976776
831450,17.90749553185663
139978,18.630246730178246
456400,5.93042119247779
643979,12.377462712497364
289395,15.166216020064246
387928,7.9833045467277985
569577,9.178929680572905
504289,11.025910905023553
151643,15.82083829710163
286825,18.164599746671644
899700,7.989860269585581
583679,12.804534054521048
826059,16.889721221770806
469142,6.158215290749389
856782,11.153234956168948
693776,15.619757411155314
963180,10.73756495724955
171837,7.436258528010099
274687,14.528393935260134
849383,16.295489687402398
964395,18.158973272460372
361489,16.52200027239482
553928,10.76941176504713
627165,9.22249863538831
702936,16.680597545312807
386219,14.917110067420776
950479,5.867326097921593
243210,8.05209099036302
154213,16.293966076838178
850321,14.702982893494681
867047,16.478301054345867
693193,15.427574973261772
115365,8.527385485497271
931198,7.31242809480058
179631,10.603118232555495
609295,19.125317639533925
625375,11.435753358835566
781595,19.4774583157365
372912,13.123769198911264
306856,8.4792974765987
631968,16.509359043114657
819020,12.40401529068529
281573,6.958907657670287
851917,14.422562864628025
107737,6.219391483690431
307094,16.101173631898238
956691,7.179196905675715
914927,14.817598092707163
373203,15.290878046241858
943632,11.263353273251022
267280,6.313686068038852
166593,17.39268368722231
292582,15.708860833945183
492041,15.344755321895843
644418,15.476283676198856
940312,7.456866614531327
579797,15.812686300074034
919471,14.517636989846968
242433,14.7095556700829
439981,7.4664519917748695
521070,13.926775922073377
660112,6.615288402101978
734809,7.160532937224715
712453,16.681909582729872
934719,7.635068607682814
234508,6.088290418076444
458448,7.6394979065563735
719099,16.25681424320772
366628,7.48012767066924
664642,15.715311245237482
845361,16.46866529416733
701052,16.591171131585124
673096,14.324265961060098
475799,12.57888247682126
647198,14.413795372605476
204684,8.095021140632559
898032,8.474651599219525
569449,7.644456486632886
190297,16.537182849620894
338538,7.300716759149234
140168,12.794886634453157
541356,7.734015360641307
524016,16.295776329740125
266354,6.7245993940208475
761656,16.262938072331423
484803,15.302215562238757
299076,13.734768081847553
332243,6.318861118930485
204187,15.161330663706428
910188,17.30907404478877
316616,12.0422495710662
665033,12.273493117441626
954764,10.813293652492817
798425,15.8129616827659
694474,12.965542915811898
131391,8.488024333784471
775855,12.310709237832526
945295,14.018360381587051
654500,7.073951028672733
286897,10.795438322916338
633246,18.807045723979435
539786,16.69458888468532
458262,17.891879975183112
162726,14.363628928403925
616816,13.507886335081567
303790,14.53907437458091
310923,10.582323876889465
924111,15.159847338550758
965824,17.475131777663464
390132,12.062995962359457
307397,17.240202959645423
307590,16.438789599982595
693359,6.670212818038382
278683,16.08023978539277
113813,12.745917467490361
873853,7.146671221068349
272145,14.147917076941228
896638,15.070271077325952
258803,7.153345558890019
533071,15.681053728717838
277049,13.613368942792727
992512,7.105982898117116
668898,7.5560550946948375
102460,7.129052595875526
279149,15.655912289612814
831779,7.0853887353870455
457449,6.17475255884955
164431,7.034892923897922
953538,14.848250367819343
477114,7.001831556600576
961999,17.78623249739202
259092,14.974363064214906
436899,8.02312747826155
653584,7.061337422076078
131894,8.677557216991975
142771,12.50538342470528
492241,7.11968492219558
619918,7.554620250596644
829750,16.498644985625873
621804,17.148354821107397
683318,12.080979936091659
675805,6.206274560857628
799223,6.268688756135663
189646,16.47134923437509
396263,14.545976912497807
268186,7.732072678495226
429096,12.316861804456595
342341,6.101165348958775
553059,8.888586291357907
490219,17.56523827900323
706778,15.374357161410623
263975,12.379426898008933
803627,14.315061751997602
289358,15.649358471287321
881388,7.092954527854133
492220,7.055509003281801
139770,6.159131995509285
409401,6.1811873920907185
720044,16.305402685889934
384645,13.842880157152644
863598,20.806640899453722
897215,13.141562582151899
599946,16.889821692936422
276575,7.379308019771121
878805,6.819328353264283
570817,8.779551096159166
341392,14.980106227631374
787581,16.40169836722771
547627,11.480240488714049
259641,11.699808697940668
558328,15.06378952306335
873808,8.359770517963103
889061,14.261536865419172
324357,12.975469575901855
756311,15.856396230104194
159377,16.387925011887276
422971,14.737641910085328
616371,8.284837247076066
572410,7.422634636768181
577672,8.382049725764233
983862,20.232128775989082
319337,6.7462312034176435
250804,7.905769031005403
850890,15.81736434206756
521726,10.724289720368105
745576,6.911085305089553
825785,16.33013133396712
314905,15.684309942486486
193689,13.940857922167273
322514,16.651851609361874
212329,15.714138471226537
427732,7.172683482665952
724584,16.117601662609033
423429,8.403162210605993
783086,8.818698145147769
226277,16.929671772950115
377335,14.707685920842458
484251,10.96927484445898
619968,7.20234179039249
931804,6.761128138197057
482243,6.430380158916155
261351,13.53839181972988
904932,8.527935873624994
196382,10.496545372993504
272027,15.538575082449555
616550,16.836616931796662
375051,7.259822337098178
326568,25.600911309846317
463490,17.439998460921572
862151,17.879658872032042
418546,15.071073255706402
700399,8.093314128849947
758174,15.178507133358124
570642,6.9773159431312095
912170,9.322818593212721
189109,12.617284613636052
515045,18.849176027534373
781717,15.108920386703169
431603,15.599476882907927
868798,17.959019658187128
447753,16.091890664171746
547755,7.28305595743184
670478,17.747838209554846
418850,18.227317725640297
945931,7.3314890213973705
603953,17.971241235256212
469969,13.606647875961324
780075,6.964834186721952
973888,12.252776835893933
968034,20.505599266836004
685829,14.760399942334962
881749,17.374968642874148
541662,17.317827040627687
213769,7.5134284941929455
781085,6.301461481770914
878283,12.293351961307346
375222,7.203704536711934
332511,14.04490439431001
986087,16.885202259569443
923770,14.44568219422362
317741,15.459889405670763
739672,6.159428792267384
364844,11.939578823043352
737842,15.855056591332495
248429,11.76260802008846
685332,6.9674163843445145
359176,8.520458925234177
582814,6.714694259874253
119854,14.978131291758901
995826,14.940426448218716
497523,16.94549337074622
767106,15.393327104747964
964497,17.43329187420479
395383,7.16628703437749
963486,15.027150536881326
761647,8.122179862756926
292650,12.269296347052016
217844,7.738421866605077
129230,15.39043566239765
203973,7.058877534286119
857038,8.582147077779556
592699,6.066458683726133
320976,14.126530181057975
411637,6.2618803659632585
826008,7.9080808403172815
522203,15.09709636504769
468420,6.502141083694238
630147,6.439019893894053
135236,18.748121003239174
329354,16.528001881407224
845132,16.194797208873005
913437,7.930777565234997
102411,14.731088290582408
648398,5.851462880256942
830338,8.464430646479371
341309,6.944696587623408
401707,7.0733884024033
353320,11.194044880088347
103758,6.007974720391595
318492,7.888081977269204
546742,15.419000794056027
345714,17.63665427503197
769911,9.82905094126329
383848,6.799843257042227
920662,6.313546093331471
463064,13.03293296196844
868088,13.196171482052156
671388,6.3866557103566794
588328,17.47795829644733
899981,12.93767603491294
735493,7.526641075592496
531779,12.417695907168278
666008,9.38008185736923
923407,7.802596418854813
590556,15.157954427184812
210148,11.990854321568039
509968,8.20211343123824
854919,12.362990457029202
674008,11.364475634604666
615916,7.582243293190562
547711,16.485186455119692
767955,15.632848460490543
202770,11.91559093857856
298450,7.181488572891065
535239,7.2709500234062565
539464,12.81512988506526
963753,14.380626225523008
835508,16.867447745194525
637780,7.051441733137033
977491,17.135241800676926
704288,12.626800161771461
807863,7.541032795342854
364393,11.19112116945405
361122,14.756659803288958
679194,7.340897081122084
664891,8.357555568991403
734614,7.174458264057415
544679,8.457509979647138
282295,14.72849169421321
367199,16.835741527340478
102027,11.926321400247565
263430,16.150267073102587
587490,15.18808681673807
346879,12.3379585685623
436013,7.5465546031824635
780897,7.43695149507199
575949,14.982415142333638
840041,12.551741210541936
126801,7.088375414210997
713267,15.339481790947797
907837,15.436052921040693
729577,14.602098372924049
846881,18.5609807755381
723185,11.027962445395467
279512,18.53851188791168
752573,12.216902634260311
251081,14.695266267222532
629969,17.363384804152318
320201,8.301936861746904
443526,12.195803823809218
861546,11.683790422387764
421599,8.684574590890627
999092,8.558899179882957
294442,16.237759815481024
113665,16.49227937173351
175822,19.508690687773896
803847,8.059958759506591
625209,7.902177587806315
910892,15.001742718355308
485152,13.158199114253547
294198,6.765010912953351
776300,8.415038100903162
936497,17.312957243038372
794744,6.713736832887625
361533,15.106870445280906
528982,12.951030911608754
904652,13.348666557596099
541611,10.212611551087113
972354,17.222976689378516
717453,7.171812080725246
202393,16.044112175486887
512585,7.114907122450884
494762,15.450892568279258
252149,11.193516134389323
188033,13.069132608770387
528491,7.928906086288898
690121,8.687133915008628
266589,12.753509655725123
356356,14.093793750998964
173448,7.9507014219675485
672568,7.27246513256551
294033,7.077149579055328
498703,11.687121448193938
730817,17.9961371323106
535146,15.912019806860231
617859,11.604317739711469
509790,15.800046400439708
129952,17.72447637337107
755061,16.32129664831249
755853,11.454720182167996
651057,14.410497112672218
795652,14.450032393907772
283611,10.939724387675868
242517,12.091168789329371
278664,7.647630163654416
915335,7.236244093673688
545822,8.286153332651882
325282,15.64514692749439
230670,19.141066660442675
785193,14.091852395481647
273256,8.157363831920206
234062,16.59869637997955
416476,13.582345336716381
919678,15.623677750034553
748371,7.181700277759962
430693,14.729925658787618
430881,8.314416920527375
532718,15.467803145958182
500454,16.766599776970445
377328,8.106470333833167
206822,18.551417199092104
588022,17.78465740226166
235769,17.411365173976534
692225,8.249590639194187
133160,8.099932406016439
778610,15.512100912156601
250064,13.986131104841073
686638,16.036222821902598
917347,12.878500316518231
790297,6.799049855331568
345724,12.211395324589601
242300,13.78909043165727
786459,14.819573329173451
444731,13.288154940015493
882583,6.097478428757707
617544,19.480306025969703
276826,8.0942787246938
300849,12.28562917341749
825753,7.242203528008388
181155,13.727959770673474
296083,16.332462119677277
878727,18.27227024101646
924528,16.04295752262924
748819,15.602816843166407
124698,6.063309472079426
597126,7.417837988124422
692983,9.612157126497674
788872,12.311272872663217
859219,10.768435909018677
959650,17.34235915826306
410391,13.864107868074873
456406,15.115932948086682
305888,15.708269384609418
317583,7.153345098552548
335382,11.372982451818364
371727,17.20498991292858
441015,6.645441157212834
444179,8.561188641841614
146203,15.05326986085614
261494,14.078816014130894
331190,9.505255870303674
196640,14.289082960741133
879943,6.222697704429445
138323,12.323188122168789
101534,12.505682490283602
675839,8.462715213479482
689103,6.433807438326822
245576,9.067887916868223
517142,16.377748691411984
569929,15.48575521284462
812353,23.359771219767286
897007,11.54626223591971
331840,17.270583709779295
630859,11.866028637182652
516330,16.023339787615896
689719,15.439771556749756
537465,11.850167377803139
971296,6.7841077166925245
257466,17.15597530386573
692349,8.538517997347238
979208,12.798535279241532
591292,15.024757051519394
847424,7.462622017876842
686576,8.171363420356677
196901,11.965181081577285
473364,17.12824930483962
433616,18.132706170535762
247259,8.307138325884674
193441,6.124829809874306
411611,15.018220452939547
602280,8.500959926351067
901572,11.781396965935382
155566,15.931485015545354
879933,6.277989965308331
259576,6.3714818534128845
423977,8.421270537093788
203361,12.095355250493487
316755,6.7379412828878085
635183,15.46234837061147
155881,14.749119811740208
667902,12.721379471321423
642823,7.664850557393378
554320,17.64807413095668
958276,16.977544380268743
229472,17.651535264466528
754442,12.536272544786163
338118,6.976279585318571
406205,12.84480269353362
386022,14.676017071492307
408317,13.931087557938465
315186,16.04503196808601
305358,12.336644604726919
447563,19.467078352588015
253133,7.222251557790213
143310,16.879924541691157
871537,11.201422694770931
834294,6.870880187267559
964917,9.695552270592849
581656,10.773432760980329
553159,15.941083021363273
495008,7.511422705634617
801611,7.621539890112974
269105,7.37992464821221
642887,16.77879453296378
950600,12.842330014217747
857719,15.62374764968937
832359,7.855568645399096
950266,15.720895783585597
823344,11.59442369311738
984621,18.34948034393644
534043,7.261916678546023
964790,15.310557575311151
734788,14.99200042929418
169478,15.164892950319953
922440,8.054521905286324
439145,14.472696389251382
237071,8.056449486791461
452848,15.239663040663137
867586,17.431998970955494
553060,7.052464397202085
889176,16.32919929550058
778352,12.226099224690934
690861,17.003802792926468
395177,12.670622609021
497489,12.712352546685239
940659,11.055585782075257
401541,15.194837161541944
954882,14.665370469708296
854625,19.363421287620824
481556,7.036214054706926
860020,16.004707164351164
966018,7.398504428438702
647370,12.019009981333047
131609,17.395258371349943
865951,14.668735286494195
122350,17.329196301659874
369525,7.458646355678263
426091,11.890079964616303
656422,14.635641483239052
424294,6.384951988671873
508483,14.128834166378288
111029,7.40072126395707
925132,17.253757679139856
740036,18.316860226299944
691817,14.35197364349859
726596,8.375999039049907
350051,14.855448913287194
156363,12.516182413249345
211995,7.136642305182329
298305,11.23896217486642
558380,14.730895016321162
297255,7.224534020927093
252609,9.310137184511833
919415,6.000899978023607
908395,8.53689392414164
221818,8.071660013373618
911754,17.380930774027522
295661,8.188234103532075
103316,7.89240052413063
774024,14.344735861874847
747309,15.593833230783945
186750,8.164396660258287
522248,15.91395932810655
370748,16.60946167433848
743548,6.540859033534215
646376,18.261170012784813
427210,15.108862443799254
976339,7.527769916573999
789839,19.542112725855795
884129,16.541282700274667
540849,12.800867647156553
607839,13.117791735838034
692109,6.365954024680718
424170,15.990061370541545
948089,14.945090088655427
464196,17.125483565788468
109225,16.841245944251188
174476,8.511772388022905
689968,15.288234833461228
660357,6.576833849992722
808376,6.212864327266953
813901,12.076328098716044
196708,17.183703753641012
709414,6.203807476038149
301167,7.340936564461325
241100,14.859307894700525
898481,14.241967253947287
759831,6.708560133379682
380909,16.774709411374467
383851,10.53200017011837
138001,12.192116480467613
875831,13.677414096036546
327559,17.751769786417793
714989,15.187766333409863
379013,18.222973349115442
643725,15.34796680476268
764385,10.68184683144527
866202,8.52465343444886
424594,6.768954192267057
981687,14.716159230156563
143747,9.121120573975032
965954,17.09296398299759
346371,13.459477132197893
896666,14.427670719014078
738670,9.116833568226497
809434,7.4320733256605624
200654,11.920097134495318
346775,8.182592670590974
901129,7.525146847080352
739569,15.934111656068053
962205,6.667212674899242
333444,6.640261616792659
504511,16.79577485108124
698863,14.995531226895723
195379,16.67467795489676
825908,6.790344549456043
875808,14.935567003710345
812966,13.36690943420759
643783,15.998157029737671
380570,17.690833855943545
447978,10.747145203174266
654695,8.296830538285981
818693,6.3908620972432875
428936,15.561722947507308
520945,14.637621873332522
536794,16.011323411241598
904023,11.040011747378037
650168,8.147102443412223
896632,11.886121305973163
780056,8.067538067156631
100937,15.616605289300363
694686,8.073712639664633
874543,6.7592626873976505
605090,17.507183324024822
821818,17.22637065694158
137395,13.133856991677648
764278,13.782180023426289
934670,14.829229227341576
425775,8.115523249384651
507370,6.68696862719863
370097,6.3794052534232595
262543,13.907860846708516
860352,8.250253465346029
719009,7.866250450882746
970934,15.91288868499308
186307,16.91261495417695
726880,18.697453237543648
489859,10.56319816722616
586930,14.920389284367188
610843,11.885895009227852
268290,11.786736060286808
439189,13.350951126826507
574856,11.64291886096193
892927,11.436921323017797
736938,13.932015384771162
413211,17.628956741987622
382932,6.879450515483916
968925,17.662733186329135
983374,10.803018544529944
249352,11.592552839443982
403633,17.971689636249547
575293,5.917028063880918
868301,8.565107997828177
902762,15.161163060211164
337565,15.562332591665108
177384,7.3307077752285155
765753,7.693863868477929
137148,12.692613218004743
684794,8.568564525090986
734638,12.997528269606077
624751,14.024510945221348
436650,19.327370244540337
852344,15.256891252361111
131346,15.84770586750091
911685,8.458658707841163
835930,18.91096799550478
705026,17.172640633817487
721638,16.097638981582797
783717,14.797018533851421
823308,7.731832661762773
825603,8.333041771906357
365090,19.88478817024342
836341,12.95447066187589
193437,6.777086100327014
152932,7.112260965137793
858846,6.7685995403443515
457898,15.327372690673187
250832,8.477367602724017
434003,15.349743910587488
604288,17.288940177845152
124687,11.066260211369844
571631,12.01459775476166
586959,14.904346889045373
392361,6.603680348031881
978299,20.319152720287995
878580,10.84541367565902
795102,17.203972676013738
275767,8.397843927393382
916769,14.920600169900691
647146,18.053021386779818
333906,16.62649328794788
204444,13.469845296554153
482190,6.722937371607132
822396,8.046877903464104
802490,14.783409240599733
611559,19.573324860576655
983134,15.030871153462881
109717,18.332167457224227
428306,6.924605849031919
935612,16.161451741334115
418180,16.106997798715778
796558,15.03613195093025
532737,15.378965698068038
873039,16.264615576953386
703588,12.458338950978291
511386,6.840453293157381
517679,11.147635305754866
437304,16.703866295558708
649019,14.228671505911821
228848,8.397753424335525
438888,14.848425930021738
758966,15.3800480869757
447158,7.943295367941952
909243,17.958127792323154
326981,10.896668005941821
816389,6.851905071838751
354202,10.86443944600694
384679,7.166819894968286
231972,12.028269792428643
704314,18.749493097132028
289653,14.6858471317841
844611,7.8827062189704415
518013,6.741970818611598
803289,15.490949816101102
990981,16.698108377016048
276959,11.633663714915885
392321,15.386834056669613
748348,18.203996789769473
811125,17.26785426566903
500368,11.937696532382677
524731,15.924454090023612
773047,13.500657053635901
161473,7.463327592869344
531352,18.299195634717293
483002,15.083650291960549
797442,11.87536382858224
145727,12.542403620909957
536998,16.004068556541547
194957,6.376805262263719
586008,16.423308957119893
231210,8.557760973421946
713299,10.792523731232206
833105,9.448415282033055
517263,16.404060359551252
759301,14.735828856314075
577013,15.880193014373411
517013,12.584940033967287
726461,14.029951664817219
572988,11.157184774267465
855909,16.474798491016497
663278,6.844467261632996
887659,19.3181443575192
761596,16.529811485295024
179943,7.947082183552372
318472,7.07156683596178
305120,16.293995398833935
131737,14.166134620352956
549996,7.984697027958969
247741,7.289142372082506
528915,8.161917366464646
803947,14.083334101974035
496165,7.931901452009901
786003,15.31176710642837
177802,15.978641343428428
379833,6.788707970686297
419372,11.809018525322703
764482,13.305078194041007
767135,17.553269591460683
170723,16.255971787283045
253915,12.292312100834451
146105,10.916931072061212
264133,8.346011509025606
489909,12.52819929887492
566138,7.675436549046628
109913,13.745541726157725
879805,17.21925011483282
850846,16.042335017553523
388921,13.852224567302006
871406,16.960894444392814
499722,7.864213082262221
827178,16.42480012283198
495427,17.56278666101695
144489,11.51921941687863
520913,15.375179863881701
565295,15.96454509198643
637340,12.284965716232923
413040,14.217044586978425
785989,14.473239840761975
126013,8.563912862265042
119648,14.963462090305164
600799,17.570870198036527
743490,14.964244518668382
806043,7.831151299750621
991801,7.963462778739773
163114,14.920686811800941
919175,15.262621066028295
640470,17.863402090899175
529475,15.595316031741019
331153,10.700276273767699
597779,16.991198609073447
749115,18.77955612469987
181781,14.53924422268148
432314,14.9978401842974
970029,12.885076282612657
803381,14.596598234078334
389183,14.924962826375664
964317,15.004943152193372
600820,7.33874449497186
751416,14.900856080958832
517178,7.200435156380569
546121,7.272847901943863
974901,18.042162851640988
873086,11.189839189005106
141731,8.556151788446504
649746,7.545764711406313
238108,6.860478087448149
457336,7.730385669199358
453777,15.54682330764801
769378,10.722815595429134
802222,6.801671653547497
850192,14.551991044783884
858585,12.179305259065966
995008,6.687594941264547
466405,8.542888488048018
382561,12.395125698707856
179771,12.64480233562936
476471,13.89419762928625
689299,8.526847456346756
549360,7.9082816738014
476763,7.135939719545867
933602,15.628120472656084
135462,14.982156167105664
558351,15.919281437386738
350443,18.998329862713863
459724,13.147723603107803
271971,16.05889466252509
338431,11.855678712056188
663331,13.004976889851665
111621,8.268405372324835
943786,6.894988728940434
529992,15.454939896895459
338860,15.544721712956786
157348,12.608263888251766
950118,17.821814774764942
341459,11.539808309583858
327477,17.986998593289666
198909,6.4638641218331285
204354,14.163193425720756
288258,16.62265850601528
734975,9.330198395995012
914339,15.413899624889854
445993,16.614579132581834
261700,13.277505238324203
140736,14.257261444185195
286898,15.289796072042902
999761,16.881125203705025
425107,12.979634523353317
877851,15.119754667983896
674973,15.852071771113755
650421,12.45740841698545
240405,17.298930577973362
158850,11.13421145350109
740871,8.561583773047492
903816,7.277787753932728
426748,12.72393815569303
378790,15.588299700306091
739605,13.687006177636523
904947,15.669877798004675
730642,17.292327455237864
711580,8.820844443461395
255414,11.686362240788435
713246,6.465217054776549
250517,12.916924008759777
807437,18.725672330835877
665427,7.676633186196289
868861,17.68218918446162
817694,14.345936524776958
764443,9.013298739610725
791460,12.365511662393338
820432,6.613628121367174
413043,6.943967897292989
354578,8.022214367682064
796500,16.812625363190982
162152,15.654460049733826
670054,6.745506557721641
712019,6.31373320823493
638058,19.6892430179013
917835,18.20511732486264
804344,13.842414855043959
719778,16.155669290954485
143749,16.443119916903825
221460,17.72454131775778
215792,16.24302964996344
669822,15.636659886476066
472149,15.332863452254731
927596,7.193915570274114
835935,7.893604280501197
303882,15.630843776423353
444103,6.42913260044433
847327,13.397496856844793
828255,19.576524713648297
737244,6.481124023396196
110268,16.83691720630948
600125,8.330318790404592
465556,13.344292097208058
324633,15.166219201613757
899444,7.221624478925544
687755,8.105191285001931
173090,16.9066747278709
870942,6.7957999977852825
228875,16.50113251241319
192147,12.079558652437994
926988,14.561013709075683
707798,15.617798552430434
662683,12.553597252038825
908827,16.03249848160558
738124,17.098433568104063
375034,15.79164865822525
488485,17.07337408416352
762656,17.507223852416583
233184,12.300350874932018
565256,15.286829361945154
777702,6.986033201190288
362491,6.89205157927658
934473,7.513561694015799
111197,16.613457984694282
112570,14.450202613519837
156502,6.567795222735312
502215,15.431124389166902
730576,17.077085872994036
583487,11.426589751771358
949125,8.150557441361464
535110,11.336400252769561
327427,14.655165373582319
297838,14.82183131947077
407541,17.57405963169209
139511,17.08401715645991
691013,7.669043066535653
249275,11.988298036929379
622905,15.53174270363366
254509,9.1830403263367
768654,16.340805596684294
857949,6.986940808880747
723010,17.544658287478477
558629,18.595993319985666
681381,15.77134207159452
853308,6.66013827224233
257219,15.806557910776055
353434,11.752072705435024
559174,8.440538668941352
161661,7.055393917520188
313140,16.562836658793703
184987,6.904879074405558
398784,13.883502986513681
537215,7.56311924429516
117364,16.233502907156783
244220,14.706391505339722
267026,14.329104337856316
877630,13.077074437658647
999207,14.438778703325802
228615,11.771306198813154
297503,14.58396492263759
116355,20.123821061922506
809835,17.99103050224031
943314,15.716025026858198
152096,11.742301291582985
815799,17.183600307828566
318176,12.016455340152802
129579,8.202986533902623
846507,22.072092917135787
362357,14.087401088154454
580166,5.982308889259862
936639,17.899720175619596
900626,6.51910642906641
465558,15.966693768541866
428750,15.015567994044034
584932,8.291980711716386
669176,7.112503805838312
568567,10.169855227842245
335270,11.104665601952947
486115,15.660518618888117
481909,13.091695502568731
168082,7.809648882863053
704046,16.050675723666156
918659,10.898579705604432
553812,15.816564514194837
351942,6.661928443926007
911159,8.269309046609136
735870,14.22855801692641
350289,16.262690394419387
790792,7.278739578970333
598587,13.072455234796815
728536,16.039743320527943
119014,12.152924993044351
211084,17.181204997191106
797838,14.945620271148403
251570,8.014394130239836
904558,11.722273038813382
121588,8.558247402603255
438744,15.541691493883517
758893,8.052733379502396
405875,16.673202810688586
649391,15.348208468347394
128141,11.967304808195774
609616,16.042427873201685
189058,6.710506636214697
726244,15.367681260927254
818627,14.264263770200023
955575,15.44363711930502
971409,14.512953821585343
665069,16.212192988952307
875073,13.078822255381846
919362,14.940238923167518
680948,16.235763889907535
907560,11.629363882318636
950053,16.224362725673004
276554,8.109131578112171
876866,7.6925056236633464
679198,5.997033616903914
580074,14.796496890740363
258979,16.7287545896415
412743,14.944171878829847
264387,13.620255986361357
703282,8.714675567470197
419617,11.700147569458938
615987,6.950598181879126
238002,15.657941763791753
526448,7.790919507799325
909041,13.202787011489749
614417,15.90484932326525
484989,12.39991667726391
693379,16.98972347396821
906194,14.248764432829407
812145,8.206170800978853
625293,10.15105347550224
581416,7.859372781803702
239618,6.604144081258814
181520,14.977509563244032
859575,12.526112240090017
375959,16.709545732492927
477203,16.293617579149174
792830,11.404998633056639
829546,15.954545776086816
728367,16.894319596084078
930292,14.848563062247974
382435,15.436316907859247
174593,16.636904548344507
872854,7.738006137812952
669684,7.884121351793473
645535,7.43779547826594
133617,15.50398813467277
850168,8.065226940236583
838293,15.278587282841134
134135,16.25572221281268
192089,12.368755204421618
346393,14.665454511576948
103546,9.638989235800624
647083,7.571263918692921
224773,12.737799797618129
503724,6.5484254830724575
826630,15.408608938402672
491010,15.420388674282883
420190,12.984486240743104
561048,12.005740903853548
967420,8.271757117642222
591581,5.987008841529953
364512,7.632289486581519
326702,12.220168690700145
607199,6.480769797112783
782694,15.59476269711677
910670,16.909656259142583
497372,12.605677626912476
860946,15.104409607968933
376598,8.420725652435818
749384,13.06195726419577
809278,16.412044170593056
795047,15.581043210454787
778172,16.333782312336126
214701,7.016330690192049
460386,16.187882999561598
986387,6.526204972517428
394882,15.021987424905424
760809,7.556949725555978
865031,7.333502303130476
340745,7.749631598645257
868846,16.11203339414805
213116,6.7625218155820095
342546,19.74797929491713
302432,13.134327324061374
902830,7.1634262578159325
314162,6.917201658453301
694478,7.454319578966698
689869,19.2292721052015
279448,18.428096068753582
930902,6.554357794073306
656366,11.258632604013115
452913,6.221497018491633
684523,14.57085254621584
548275,8.392973566590642
958899,15.393588757087375
261029,14.391185541398533
760241,15.820009690819886
559305,12.306987327395587
804994,7.711947410473568
461490,16.115575018590324
378409,15.859154370466204
172881,15.462474955264856
557496,7.235125673368004
210283,7.111738120140465
322971,15.21520994966185
107538,7.619514253879292
621776,18.046160481562893
400478,17.19569608870964
936791,17.332577532332355
612735,6.317964940321502
647021,8.694571398339187
505904,18.161206162534313
416607,11.79755582252547
396720,7.757303736935208
276900,6.827092831145182
147115,18.015728373761167
910039,14.575172936980412
606567,7.281516230979534
627620,11.889524375238498
827396,7.7352719932454805
674537,8.025661537266323
109768,15.977421668960112
484750,8.680198599494343
321824,12.59035237276171
830346,6.609092067026068
910790,10.880877106567063
787312,11.083974974899515
171191,7.251454187122936
683613,18.15204324485118
576726,15.32451268642397
870012,7.250110658169426
760083,7.226087227713525
263723,11.333051956958984
737049,6.765571070941101
415167,16.58672703350259
648222,18.266898787795316
500730,16.599123532471413
578134,11.998884821152478
859128,16.514283023740184
777409,16.59790754365353
116981,12.283844645433687
939335,8.339312784656034
317261,14.47204906991223
364496,8.405977393920937
310392,8.31217129750824
530823,16.33002488418374
398678,6.964793750687964
180637,13.878397869365084
116962,5.6507829374838074
616990,15.400924814475117
137143,12.072883561976308
221541,16.306319649331165
116020,11.628678230969715
208910,12.154077996927295
674991,6.546436257500363
423211,16.272489403934067
278099,15.07330639511771
148751,15.471608963309134
502326,10.748965380969189
816757,7.3538263121061345
638215,15.486985558743863
990945,11.906559351109584
337149,13.670693012640138
933239,7.129122469304357
528110,6.929868474826858
756645,11.174843174090343
943531,13.317453112579093
747936,8.05224373153277
799821,14.106189099731274
207510,13.08644192014034
612325,16.67088122452429
760048,16.69740782733441
122037,17.200217041587035
217589,16.45319597583353
714435,16.782874601439218
538175,14.445001951594005
598527,11.794802397303977
185851,16.340347609828015
145673,13.577780610365522
380956,15.929998909847818
687392,15.34151231338523
774714,18.82504549792491
535908,7.968178930860668
487838,11.57904126845555
749879,17.59256912563693
922302,12.367168201569202
303703,17.219059275212246
453076,15.346949199220573
484446,6.570245695691885
522781,11.838807186813991
699142,17.10567334267249
882290,6.483466983468505
373147,7.1814409916890325
100845,18.040184981125297
986264,6.901811991056986
831385,12.320665760006683
484844,11.06860257163999
434225,14.157483152474542
486944,6.559001448582263
127746,7.0400695740553445
255232,19.988967297728923
396479,14.309513434653837
296533,14.839328375827582
105975,13.544950775363315
769340,17.365723875870515
801436,7.816174782180472
877172,7.259541564707647
790354,19.863803997653022
374041,11.211474798005746
523691,11.321113584745769
215788,14.145115847763432
141159,6.791087195063506
722858,8.060358933902545
717653,17.028116167703583
669747,8.135034686625767
946212,12.38395999381792
533423,15.008792129280636
682131,12.175551448389562
138199,6.886663214718235
837690,14.730506963465343
512445,8.191428703411953
446687,16.0908084808652
198677,17.303099205756993
673368,16.298678751871783
556931,17.74080114279648
289534,6.278420816409165
649758,6.595174378562793
852503,7.3425147722303175
673470,15.132783068534078
248299,16.661576570957145
158395,14.446491894886007
460795,14.373143666613045
181794,15.082866338947277
229267,16.167080805636736
156420,15.842329599874057
684928,21.035685842436294
642181,7.024158995388712
460095,7.574345004358989
367070,17.14492647618448
650929,16.69487580685129
375281,12.947794282318416
805905,15.506915898363912
104588,17.95390927059606
157460,14.94940264739452
552532,6.904176803530153
398387,15.356082311638305
579051,10.778139009838648
985158,17.169023416616778
409511,8.243292173023969
895825,12.178464463646746
519615,14.69905558274602
314439,7.1028208679660505
214620,15.055375040148354
301974,15.69916820989663
114096,17.328690935445543
580131,15.567156826903348
882627,8.301088292732238
365430,15.826546346265996
832087,11.988637703696678
897553,15.065891681511705
168140,13.132663993698067
699655,11.972028339513384
867157,6.341999183416125
980484,6.870678681491454
478036,17.053007056990747
461012,14.604468209424537
947947,14.337820722497147
611377,7.160570048750921
348191,6.747109210713781
621538,14.782219792496454
148678,15.312416542367462
750502,15.914074001843955
906213,6.601763026172368
766699,16.572648628844586
333368,11.77593160043336
328718,14.759437047710161
200952,15.67784936811859
998776,10.152440985666777
674483,6.9903757732891325
999498,10.937912879326785
214743,14.074245205476142
757420,16.310067494601324
882095,14.609679149720137
782346,17.076094445436937
901019,6.886672431682695
994640,15.742792947316687
104273,11.556837247834377
240057,14.626456648569768
290581,8.055887239557904
841688,17.071347427667813
437480,7.269978445420207
363732,16.252922368167706
654753,7.590366047205606
313843,14.142543704661188
752445,7.269760286771347
590024,14.27025700044075
551697,12.222547399115848
491919,12.667649707392803
782008,6.612578895139099
195596,7.2667983375137775
571323,14.14097673724026
933116,15.639086264743925
473536,13.92132223972889
421954,12.652454086839812
815249,6.595608905832356
357083,7.215590088671949
398112,8.174298232624094
152017,7.841207964994712
431426,18.02396042538839
531337,7.093314150634788
917724,7.225242571733276
113208,14.441119833557458
939509,13.863634030946569
803586,14.10384621698172
490975,16.87499881001797
233825,14.658611951133091
987920,7.074091082349356
972359,16.513784154077197
581155,5.920226755610719
704228,16.131972791624314
320508,6.062166217230403
795651,12.329879826500669
167809,14.817420857227079
143029,12.242263796250569
608818,16.61462389342694
866820,7.890913664856984
494676,7.166974300344265
506252,15.378552230877673
465595,17.175521779210584
440717,8.269316335870954
142190,7.1429054832468175
753074,14.27196945184247
243281,16.139415259237953
247091,15.602538167723631
489912,15.863926157073797
829558,6.915420862613757
929767,18.315473297011415
462617,17.14099271200794
153034,7.66317391425138
131701,12.063370983381015
261317,12.717650756044574
802122,7.012128459317687
337763,13.02016317429944
838287,16.438381585056938
420671,14.274385464776692
491746,17.44086786264779
795970,16.016318559510697
578856,12.259083870718413
462855,17.286035472595177
566543,15.383041216151502
903763,12.54573327644848
189479,12.850562308531208
759252,6.826880241603708
375771,14.30014229357688
469943,12.833956266406037
777018,14.855133179981339
933143,7.0778628787241376
122594,6.810851703414226
580642,12.258622691349839
631718,16.27039112780016
173559,12.082626759283183
686764,12.08485097779007
462727,10.868172382727725
184852,9.175690628977241
581621,6.479165241721928
334373,12.353392493204295
442470,15.996215972609212
795517,10.86724660235254
538745,14.381636237417638
118545,16.86261543529063
711326,6.916624108649607
733836,15.326502133472719
355734,14.73203253530129
773189,16.627915308131072
736228,8.642738605102892
415095,13.4564234069082
404612,14.227240180120155
638077,12.524557629740276
839425,19.89390777409335
613837,16.835366495455123
723073,8.13436943908472
603177,12.81623865839138
273060,7.77765342932173
213781,17.946044175165124
243692,16.170627093834895
844798,10.890350643430804
759265,8.261874076481902
296172,15.9155401935284
806461,7.182566666571495
483661,6.327151936426594
177938,8.507442853129985
423324,16.003148403844552
271088,9.22566376584673
960179,6.57715326700813
746980,8.556968707399712
450091,18.44611636252425
262965,15.652693758062808
877439,15.54028037419504
841656,18.24724399903911
591034,14.38735299921148
473978,14.48044718313028
457709,8.26445346783584
152810,6.406808398926895
308002,7.205424674750627
970617,6.77793845099328
846940,15.000919160208268
342923,15.695193915259463
910173,16.135418326818815
880265,17.85480796803202
242618,17.344844235262386
177479,8.010902250013924
596962,12.252486495980806
458631,15.838833482206626
366383,15.945511334967158
205136,19.133625971420955
558415,17.745448303248583
642422,18.769742765331618
880835,9.014885281943608
309551,15.184540489793012
784798,6.658039975618671
151810,14.525991971318069
178723,6.895050240515966
634944,12.052821747819102
853298,16.103181861254033
819123,6.474439729411702
287582,17.60425778133561
690869,23.067718137998067
485089,16.525660555995326
199015,15.552554932679238
319481,17.375396277256833
410229,7.4154594065664385
608700,16.629370563414987
987454,16.800694154758098
486870,16.8702154046919
172282,17.059815346580972
366784,10.866601980787307
975552,18.416142192356663
464518,15.925935005337559
108909,13.486092630934678
645463,13.474608367909035
703833,6.234694974283245
889302,7.750906740717658
877722,15.949810403867696
393174,15.139239970471577
753686,6.716332336181805
750619,12.177359919641887
768988,16.62135475422257
584988,11.683532397502717
691794,7.135295030009227
860039,7.144104823042343
984723,7.395036814908457
269946,10.842904243040387
812884,14.720767666145433
363743,8.648579692858716
789857,15.306916016297922
415124,14.571550088096023
562694,8.595918571462091
887290,14.956854287696787
257864,13.526427250021323
470715,7.309244800394972
518897,14.220797222924295
138257,11.453983339681937
699869,12.31022578746307
780342,14.900352088441393
898760,6.531597082884256
705349,6.96305672431357
526327,14.708912905426317
110553,10.673728796600113
935124,6.230400939549752
379921,15.792653878957445
414019,15.030726720504413
666478,16.217838606262198
833550,10.149424383663607
596618,17.326659478028404
995512,16.886119505433207
923884,13.238043615011732
159237,12.745083896026925
792163,15.84092686135605
524310,11.419508253190706
119086,7.354628095142712
808186,16.746332204410823
368182,15.099475950518142
204047,6.559880300395464
196191,16.667179278541127
305310,12.704403038502132
239019,14.881610914144032
950482,7.9351114174538875
126262,6.782041896286297
799568,11.334993707192769
806203,14.880472606343632
208719,15.087180280217835
624009,7.17453819270694
484101,13.937598529587438
438334,6.617738023396547
755416,6.76365638804856
747386,12.786581743868428
757243,7.114774183837364
132125,7.0519033592364835
591777,7.0200879057836385
402544,17.614055014253115
101239,19.065988118117993
763547,13.33352505201529
281493,12.09785997571757
109741,7.405785004036313
273584,15.685226496645504
907656,12.803298986392068
323660,6.358215844779278
911079,8.84397964412957
411156,16.105661525950726
721961,15.496416618967539
699502,15.39103606613484
598524,14.189143011612847
596947,10.725711461546044
671699,17.73257797940589
458638,7.164215152762753
605511,15.599085448121205
873981,14.62129639306549
636520,13.339481508578087
477534,14.008217853993488
913084,7.051760139128977
794432,11.691639205901115
504697,7.520413849549314
198974,17.912259424203352
753670,10.644592968028935
646470,18.592807972227725
405721,15.32403536085684
819492,18.386906883017556
702808,16.284290415287522
128238,13.538572483725671
909910,14.582215290896524
792392,6.700058356909387
102921,19.843176025642766
510299,7.098062038271602
415630,7.151913696248372
699924,15.135587144296572
100027,11.751567151126418
573331,7.708684823167129
956125,16.389963464298486
697407,14.949019234843691
437359,6.545319729209512
156539,13.141409320271446
994362,11.933082292828788
498031,16.908129853392236
644223,6.417964380503009
427225,12.478906656528082
911461,11.363468978669935
115692,11.67658653252474
255864,7.476136180942636
105133,13.851646276809344
525903,14.31821772081255
430446,14.566577833070795
893433,16.46892836969497
548983,15.68590573222785
491392,7.584865512521831
220367,17.238694919816417
804239,18.838738528608758
297276,15.435906148615087
754596,6.51024490136819
467946,18.03222766144301
988139,7.912410341871529
774694,6.697615721464514
324383,15.872292904490736
610292,16.703036624336146
799155,16.465687728830762
912814,16.647845296055667
947824,15.159069413402225
527633,7.702924237410394
651718,15.477831939960128
777224,18.315295382695655
468884,7.706140218889437
190613,6.849861339103718
346203,13.353326307981034
554455,22.797066617531545
220516,14.764623808239396
209886,17.143115908854444
955871,14.376232775578908
433582,6.661858773072785
742500,7.880124348644781
642308,16.780932811033527
732451,15.839979897821443
947318,17.97957833908097
491614,13.877640851447367
591425,13.959174950263852
762735,16.999843396698033
144589,6.8246458149632705
649238,13.251083608233865
173772,16.891960970336594
825863,7.896013497908749
363963,16.797849787114426
355183,6.501031851252349
759203,16.400965114091964
931710,16.587932655343494
932907,12.0435398556108
590060,7.615607272451465
533065,11.732727848874758
811363,16.71205183241079
130769,18.48271835067239
150452,14.306105004984339
882264,8.157501282266002
850309,13.94147944853509
482315,7.070278067481859
383931,15.215936236283953
302613,13.696150036357777
291532,16.778288008936844
863002,6.835459696783096
874844,16.823616361806693
855349,14.10061794294872
595092,6.8093019013724785
943556,15.84443788412068
213709,8.401178011091444
377896,22.403570814289626
965113,12.57810495537133
130500,15.562719527473202
305892,10.93721986130744
226503,9.32908456196838
934038,17.645380216048707
968760,8.107112425414362
424536,10.598585967925267
149507,11.614983041618629
173144,7.594235035652622
910242,16.874062283568055
375632,16.590926881595784
976280,16.435040760619902
399505,13.742298678867758
202405,13.563766530583152
710052,14.22003289567809
611055,6.132037595131248
907802,12.267734916028614
857770,16.74942004893981
354697,16.22302270409839
703235,7.838354080486185
276526,7.145985128454906
727638,15.222803179992514
971467,14.488102081220099
696674,6.915270649269057
706418,6.962411573971106
501960,6.567681987054315
638243,7.324399398186933
520162,15.12480753723094
707025,18.856400933912607
863708,14.135534762746644
319072,15.843598639477623
129351,19.73517382687612
268855,6.672073001633062
376933,6.996204347141352
951627,11.80609948365059
872692,14.96498495481857
891630,7.127012090557694
995473,14.14485195792282
687422,14.618021334522856
574387,14.886255735844275
134976,14.534305828587215
457436,14.7913627051454
346151,7.386723217441109
577329,18.32780829531278
835722,14.87159700440257
924230,18.528654730531812
177888,13.248089088729477
982499,14.434804072060649
353973,7.08356373115194
807792,18.95748596404663
823961,14.026763417452896
326335,16.43908402716203
972335,15.749266005096292
993017,12.285997229952697
692869,15.406553739608723
648948,6.759743455570026
883619,12.619283598634247
513813,10.9631354757001
180775,17.47061179996647
101506,6.067020889361403
243471,12.742224448047766
739781,13.6103133678086
323684,18.90762608370173
513990,15.487364745399105
940500,16.431983111434597
907023,14.288823915349704
410677,8.134523078668717
437796,12.045631441266305
452279,13.04990013553733
574584,7.4876505008229035
605464,15.46300791399935
430413,17.939313221459347
553908,6.496373064849425
295032,10.640297247179518
352558,16.203920722079385
848422,9.791937685752131
952386,8.191452590753473
724154,16.93941155852599
866902,16.432211232907658
385977,12.840940839294525
223516,14.450079927798743
839754,13.012435749986052
848139,6.96235651733428
191080,6.861732995179786
160900,7.1808627619805785
378367,14.50062260243644
199927,15.910277048434724
213630,15.768050064296538
173884,11.55823487930204
234741,7.085645284039507
876790,16.29654897781753
412855,8.05742599545571
635257,8.2972524257822
193555,8.424261054344479
255300,8.159591401932806
941541,14.374279731873715
905854,21.9202766172515
675463,16.573781795227628
258047,6.985277541515282
986105,16.21901085952888
900924,6.13781361710049
743523,7.662548423701916
952314,14.748273728203717
224216,6.1894447271202
876060,7.882606843098069
399783,15.136065749577366
840512,12.671810001356816
926463,14.3260888053128
672901,10.559929208820083
800751,7.822106922596392
133034,7.802404377227974
448739,7.033037430316215
660683,6.852299921245946
462571,16.228013430009543
247572,16.977571752493656
128801,16.25644487691653
532802,11.92202589365896
966079,11.022572990877176
576417,7.634544463200993
876217,16.336721591658037
910916,7.348198786190452
684545,13.453486850177
796991,7.895177477114357
115671,9.139685674096551
266387,16.798830699975657
787580,6.954107871244649
534838,6.75715953526806
511410,16.708730919109627
421390,13.614252007195441
863962,6.898276902644764
415102,16.551898361398667
873318,8.405351848576823
202495,8.23197108622193
966471,11.938372016080146
710570,7.258155703772929
775792,16.75035205469804
560617,16.82020986268919
571395,6.1869792360355325
600889,12.859500562652332
312328,7.193359449537962
317970,12.278091848186596
449816,14.368320413194303
806151,17.53091995710735
751052,12.810255331857245
914709,14.962952285486583
605833,18.209323101929282
659487,16.596949969573906
190360,14.079272196262712
373348,6.968543011969953
839692,7.216849184229689
751456,6.270753567215663
469219,6.511003843345321
600376,10.80872393738699
206705,6.938739707965848
458087,15.587282227161744
547226,15.711219666004125
240268,13.50681842606352
844254,15.623220261757542
831644,16.217716405068753
103143,14.658365689725246
959062,17.333163472560287
292127,12.004893819310011
811633,11.537146175924015
660437,17.305730630742147
355218,6.111925665701435
514779,15.595659868153714
709714,7.226883665361548
343754,15.020553352118554
543339,6.770686377185103
806543,7.197643455953403
318953,13.028924576036012
511861,9.579944197157817
190592,17.442708256373567
587662,8.506731004966838
488634,7.850773344477192
650705,6.955231790697042
435161,18.19967695571921
211679,16.0040600794824
974287,16.484296095286144
707548,13.900293455699083
474483,16.045450003583813
828934,17.72616170366539
397074,7.063161604601225
278061,18.79409400875499
981220,6.522226583403416
349852,17.70567008633223
370043,6.607476693258172
248255,6.991340173545195
765430,12.036807341661824
752076,7.646587714256965
392006,14.687051108739402
518558,14.40344001939758
643381,8.196491377323275
238383,8.085025390965106
378920,17.03016291606882
563985,15.957542917120172
941137,7.524164528321414
686402,11.01864186535787
269338,15.744433014763112
564890,13.133716089521688
715244,17.574602351141703
167105,7.958983938177921
209868,18.584828464800317
559349,12.094241377947602
340859,17.336172937714984
259637,18.215965086172385
651662,16.481388993572235
493635,14.797037782347303
443618,6.369772125129904
746358,15.122532768192588
363166,12.167684068329402
867076,14.88820550857177
676850,16.798848015343054
415960,19.969298253465432
268174,7.120536556140356
380969,7.375262425909946
846798,17.29002237860705
346093,15.992606741756752
854859,7.361744255659578
884257,10.576828107427708
726944,10.862924654468175
411597,15.980496482653576
171470,21.28036747690139
413816,16.966137634557565
284362,13.170731117299153
343852,13.688517191380104
273639,10.812621082524117
158266,18.08044985135834
133731,17.128117853777844
390300,6.541810461433958
309241,15.651003633148582
931491,11.574746601433588
484730,15.955977289764668
422352,15.563384544033742
134790,14.349828657143087
492337,14.089516722384317
285851,6.3950335723226095
408253,16.277324645476916
426109,6.99733998547791
396556,11.807401643376082
750119,14.136796120485759
397745,14.784103233388722
718338,15.80242874987008
432240,10.42852893179988
361806,6.975527913067183
514508,16.53992474280573
598967,13.516772360128556
815480,18.64683237405388
426134,12.564608750436976
554764,15.814084059719073
275230,7.595379272815064
360312,6.167521569092603
788432,7.888948027527403
959337,7.091510787893003
853681,13.12704907053691
873694,16.162390410063086
194222,15.1656631216764
878748,15.584226824111933
473630,5.786186673660564
875904,6.497850535589207
284430,8.449245110712438
784295,14.616416983920056
401125,17.80864847259519
674326,12.93273276650098
612108,16.519302451363274
543713,16.991890612699322
902055,6.966422107669644
488940,15.92509702825432
133299,6.972437060038296
412515,8.25710952757342
503612,17.182288867703345
532831,7.05569269890886
964116,16.347184476351398
847530,6.5652952033798
395879,12.367826471483111
683235,14.28852344665879
889314,17.750664253023714
589189,6.783556566541912
421570,8.16386847135434
585122,8.467027198794987
172402,8.51492507269823
856092,6.942967573235816
694301,15.097738040727123
252699,14.495223167808867
302556,8.337274376029757
768356,6.66859815653053
957795,15.908543374425223
299842,11.688281877255747
957843,11.640829120024474
970078,5.920800186091501
463491,15.651540018250463
336436,8.801783612440774
762412,6.477786107227988
413810,6.718685939983344
766931,16.083934153152423
247768,17.73383896565171
405425,7.401631663410892
371319,6.99069999144435
640070,13.80077592175376
821848,7.288855601166064
287866,16.92969686878116
689386,7.429259340892284
662121,8.523006566541074
493128,17.965959373342614
788242,15.925381205897159
921887,13.983275048179085
174234,8.696876007588791
928505,7.2052263769198355
952759,18.759244571565144
159456,16.793455282237137
637992,20.59548931090001
459044,11.283009482960411
188155,8.767165401812258
399949,8.361356650107576
428331,12.306772243412949
691443,11.48158734460975
426983,15.10386363762194
438620,6.594658416155847
871476,12.117234605176497
612761,6.431177128776764
606468,6.887881690815373
513979,15.136882364133882
454625,16.36258760293378
815623,14.384891101014226
342275,14.786831003484203
839172,15.329358445748376
827433,11.853778759055354
345160,12.685377255970899
114713,7.7987172266564695
966736,15.262595538502202
894921,15.603203680694818
737238,16.755965033525438
549352,16.158180526627685
228465,17.680960065184905
777437,8.021017254032708
735129,8.501359020542969
172967,16.941912503123554
686212,10.603775777547224
809164,16.1956738381154
433955,7.497872498025262
233569,19.38914525153386
976677,16.346902204123626
547777,15.215475990236982
318764,15.661198931744968
643922,6.38772066537343
405617,10.537077465998284
995986,12.012022219355798
769512,15.1495160604904
653496,14.238393821776151
596122,6.43218795254715
262931,16.838428047932037
437453,10.744438224048105
583154,16.29359427993958
685908,13.065433794467022
791568,13.041887838011961
663871,14.169764010509631
712160,17.30892732534945
629559,8.582155962497952
726787,13.076809759506405
804742,15.716743794920532
582937,6.832483891819286
812730,8.809675500780616
337025,16.853266747354528
463928,19.643038061397995
590782,7.240022649938783
332315,16.458427420666297
285683,7.391280052568806
253063,10.289852847899823
166890,6.748161937171464
548160,7.014190330058068
284067,14.675531440578974
236582,8.5187086730896
930899,14.211768451246254
994462,14.325952800777303
846707,13.441630588422935
607883,12.937108798307456
422323,8.23078869121009
545474,18.790009646076008
403600,15.00572348112417
863566,13.459692523192171
919605,6.55158654935136
803096,14.174285844390088
186714,11.1091352934125
791820,15.591192706458939
866991,17.326502522705415
466217,15.734342454832165
967216,10.498202467039773
317641,14.922335193018304
177769,10.522984497558456
693445,11.397574830448741
667455,13.513249919573655
715346,14.455769132440185
374496,8.413371529450693
834810,11.068513345752752
165242,14.20163219873946
446822,12.762902773820914
505017,13.388105673143375
605747,6.477330564084598
161399,15.936708915557888
262385,6.769724394698451
743093,16.194396080352487
249340,8.40035896875821
727916,17.894665159542562
436733,12.274910591977646
457430,14.91882370632062
871558,15.904963262482267
772981,13.836898934113318
479118,13.152751925606013
202024,17.623846949112252
862289,14.947627531669882
365177,6.618745403982193
513674,15.473629201137673
383165,17.597110657123377
699062,14.39749889032201
847498,15.357068988845256
772070,15.052932709419709
430357,8.584842220778443
410988,11.555239176781129
555786,15.374705888242653
388949,14.180101523697529
929127,7.446049755068642
853026,10.727909835088978
790597,16.596361933941807
315866,10.680286048381399
518996,6.819177343283973
726395,6.8865353801850455
575075,16.894581834936325
274826,17.91894256006569
547921,18.948793482892842
493522,12.14136425576448
204946,17.251443013311263
659214,7.848772361091131
770583,11.437249993398545
117736,12.530081066712619
381268,8.354068190018431
332742,15.296336939335214
732530,6.62761655265396
752955,14.873556458727451
463290,17.973944221246146
929547,17.47065836964685
983350,13.199482007725976
926985,14.71991690871407
313980,17.233318515882324
581310,8.663555999782242
641574,7.772767303232463
674865,7.504781168173737
853168,16.06172356755335
205798,15.477459330570236
865406,15.88861312256353
151500,15.356112666141609
911253,8.553004364605313
759799,8.322963902019792
172909,15.596348033263764
862692,16.131742510367044
854100,14.691764551441736
250911,11.712934084241816
574849,7.375570728003089
268451,7.06580458479347
136139,17.955885188092626
346883,12.535120445416542
611462,15.237413054980104
927878,7.1080589764776265
571857,12.636155163313063
392546,16.04589813497817
203826,6.159617283983482
606485,14.616215257321395
833584,7.346865754585202
606018,6.735630009287909
755471,7.465511464978906
169031,15.81936333498866
535457,16.027437405101754
784246,16.39540534466586
386188,14.270800239105828
309268,15.18313773589062
217153,7.063758019116908
938874,8.150768581708691
418191,7.59090499403536
661420,15.602580856612185
246750,14.956008743931926
230093,7.448292290238309
464458,15.154354111646533
457486,15.33529161213701
825250,15.479471077465163
882097,21.107923386611652
707879,6.257186861569805
522329,10.946646784295398
693332,13.820913715542794
287280,13.379467589887227
976853,6.920969516501131
115574,6.719531483414899
208801,7.436467683063551
168496,6.582599326761579
685976,11.261952603964536
551202,13.60788310302645
790258,6.981413750065108
337559,12.007655307924496
365189,10.497607121656104
322404,11.167783877468658
272278,14.248394776511496
433199,7.036664820114398
187988,11.297033809246535
205258,12.395067056648069
150263,8.53097349686594
698835,15.884622492449244
484213,7.197515205732562
351130,7.570294540211931
862326,8.005043220455336
644414,14.565333041418363
988676,7.464613533820598
354741,9.03354527865168
640991,16.268737190817323
699969,14.86700117277732
275324,13.950476336163106
564437,16.42394543903019
878659,16.388304897955372
895653,16.741002212923913
900310,6.814674134467702
764640,15.925999535082237
676372,14.0617231007655
658196,11.766427544342465
160381,13.20190825020538
848846,16.108822492071774
194351,17.314561836403183
168665,11.55370762740131
433999,12.370094321516499
599414,16.864895587778012
101153,14.795016904390808
758439,16.2035248048505
791658,16.93051373013667
219733,7.296225725785901
564528,15.763315659107741
844708,6.539135319475249
315123,11.186401994770877
214578,6.714004073364152
674407,8.53325399490871
398563,13.987365066414654
457531,11.498337680231918
784369,7.885031595394161
243384,8.340087979645253
187439,6.779926370318149
172070,8.394327044574808
739204,16.1696693469081
879884,13.340470764866845
508021,6.7955294445364975
193680,7.077789603801713
597392,16.432026317103006
673002,12.946387374082764
179007,13.43046518724183
532445,18.384793849405565
538210,17.081823738337086
487049,16.26505079386192
771108,18.542671030262095
930169,6.997851112156693
816781,7.343844951217159
730130,6.6358296344565435
823327,15.706288438836543
268514,12.818687483410802
589918,17.440256695132703
730977,16.147315511870854
296465,15.381172566218115
171438,12.357297556870865
319687,14.638948043712112
600927,16.778218937992936
146514,17.15018525707947
623470,13.485400656168459
919539,15.388796413491617
731833,16.66469673348516
552459,6.958735601476253
101163,6.937201522630136
862038,10.52866206782021
569515,16.462569258660704
805842,15.679190725671313
312362,20.163008937178915
270501,15.67620079619327
260840,16.76383297294803
376574,6.952807058345422
456794,7.83232730452569
106431,14.134421724074103
105269,8.618949328120523
682891,16.854941278784608
354268,6.740139234340279
770043,8.268040492694483
914732,15.597507547080395
990864,14.20758997367099
470238,9.29233851482066
937169,8.39116390221841
431687,17.35205550998736
806403,7.162277241287573
349787,7.104088051291605
676691,12.936922035921773
505719,6.904280091223452
927858,10.48478557387616
816256,14.958578041366577
223950,6.470080135693211
703480,13.80065426933318
959282,16.092270038911614
638908,15.879249567553028
994446,11.475506224190138
104485,15.320873276488307
350686,8.359984446110671
120049,15.192357572618926
596690,14.662201730087082
264962,15.830928550814656
992265,12.057671289400428
675832,19.248019096137437
192769,16.927116383726023
143173,15.286537354481775
651770,16.125764301229523
860251,7.128315787969678
487695,17.031737412570582
969577,16.676282428036313
556160,14.164066822895705
894444,13.683557288751667
751001,6.969482126339427
742239,7.973147881022294
720880,14.753096881980406
312903,18.226631770348842
292281,8.016178992355714
722345,7.106679942749302
218505,8.063155475580304
993789,15.072211935798462
155518,16.32648368922175
485056,7.103458977163894
486070,8.385923112685576
498590,17.83911643042602
312679,14.964843883848596
140541,16.393049951039405
195295,15.310209585637454
730259,14.545001013014602
418207,14.137669707711325
503031,12.03455675974361
685851,15.101879565888032
776561,8.62822755088714
232859,8.43929588876876
958853,7.0053803121936635
393507,14.190791765907827
297770,6.725610255122797
502579,17.43144665419637
541933,17.52700435142129
932731,6.325715816832174
317974,6.87236366383782
952994,7.17303682905685
283637,20.417401265112375
637004,15.39264477061183
126892,16.62154785354557
233502,17.057328006482734
544232,16.451775487007694
147127,17.301204369707254
878576,14.078995010820067
776548,11.200982580727649
398805,14.518359970171403
582164,12.552310146567844
900140,8.434414266919548
524213,11.064830407050726
359562,12.9468298685847
521025,9.321027758036612
366912,17.718056835233693
844835,8.410105229516878
520934,15.72885157241868
153308,16.769364971103066
777917,12.300328263013292
302769,14.830843595403286
259009,17.4168184295375
857767,15.334298425834799
792036,15.841099916315905
812764,16.070436175017775
825122,14.751569075408572
301578,14.846983231255875
399890,16.323243699440095
128540,17.65942920169366
223063,16.003393625995624
464929,14.798210029668276
597656,14.447793867278346
927549,7.138766642189376
805246,14.009470757576908
416578,12.835549399774003
700485,12.035170631303295
809242,21.3191947311972
621399,6.719339571461144
875210,7.1766037960854865
339880,17.987329132396514
382485,7.098860522804252
918375,16.231930846435812
558507,12.677604822949561
991395,20.301816059287187
833171,15.905092894979092
709560,6.927535203595426
697513,7.136535340998691
471705,14.356439467761938
396482,7.400538724706795
644923,14.055010874110984
157507,7.129302783249036
499460,11.515277819384602
850397,12.361407133821414
847640,13.512918418815932
711356,11.092791829399268
675871,16.44074737703848
218017,17.541829388307775
766611,14.505318945446191
939675,10.291763109768729
903092,10.6394283776177
201591,16.16915666970574
972602,15.107761349334039
499659,7.7796526541970215
223511,14.442662013743005
441427,14.339310536291366
378695,11.141509686311325
210725,11.20183220805034
664311,14.566194932094529
425237,13.22466678152823
899394,16.52016855154344
625462,13.325021465976132
304409,21.1909172318216
874998,8.178946134125399
306442,15.821317320811504
886117,15.52076178084898
371522,14.187341632015247
257485,7.822444205505915
832668,17.05597278181659
146620,7.672819188655652
821507,9.094803697031562
936882,16.084641849090158
147977,15.336484629404824
309257,12.608889678878592
433349,15.390299579082852
572445,18.229831053610706
983578,17.093638447938492
126954,17.15069670214846
881618,16.410072368940142
418225,7.838471169198962
502874,11.367665818348206
203071,12.406426232413242
916609,8.762553221477726
253052,14.756195655473562
808379,17.31116841553634
462793,6.386066115726758
258373,6.8885232954091515
238142,9.534329229095745
158138,17.842333119075455
300469,16.225430628682464
103332,18.818884721847233
835748,16.279998638805832
726097,7.987641534298516
354109,7.56424660017615
278156,15.034163742488492
346859,16.077447313161137
611970,13.572594826068013
840718,13.490854071216727
831898,14.287137793597473
739611,14.878836533551997
613768,7.996777289291501
821464,7.091045647169251
907335,8.50817184173064
968235,14.96214076485958
627043,17.68172026766833
440089,16.946745671247456
592726,15.937311291143457
279660,8.477999513683086
859223,16.7852717859606
935781,14.790562442534512
672167,8.320408827824537
766424,6.261846959423
130851,17.95134679680999
227264,6.5051786130010445
203544,10.993721819647613
835340,14.767499535021793
616955,8.970936188986354
505224,17.151727566930088
156489,10.597124975960375
645786,6.861947837644128
330562,16.428976433680077
549820,7.740669036735591
906114,15.279166826964257
368861,11.703237423322225
630163,7.9523476783283185
555392,12.44240839388136
864454,10.905259483633168
443427,14.927454753979498
931207,18.50643104410987
191773,8.289414235056629
255156,15.863351202763777
843149,15.077337608333895
559600,7.058301884143403
606656,6.155503123506335
185341,8.550047990960623
122079,13.619769534044678
234846,14.150804048887352
668328,15.661848976260295
703888,9.495651869464174
298325,15.491724598749466
190803,16.384403765346146
709716,16.42673379266571
839179,15.472853014661505
594544,11.746289604117305
117328,13.69717649514285
809000,6.658643728675933
508294,8.731662202386971
833443,14.031638154960266
191356,12.422078164950454
111012,18.299831254958264
554652,17.117130420717405
500407,6.637314748557379
939352,14.06457273896245
567562,15.93778307971041
232790,17.086124826520887
253317,14.347606805926418
773591,15.983778902852059
925265,7.164957173370944
729964,11.063325902533672
473140,8.456105639283356
692446,14.383674138834785
131553,14.767769560275127
428324,13.101399342184335
693447,16.356691507719763
291135,13.03353192494375
739451,15.686172890842347
903841,17.371734988981093
631227,11.864941832754758
694457,11.880257059697266
122206,20.268206802951532
790849,8.43574419126964
677403,16.220020015393462
689498,16.30035521346442
294587,8.429580839228608
735161,14.440134018910145
659433,16.615603255338875
173453,6.82496360254043
725980,15.270491449951345
817846,17.603072772638374
468342,12.546181693197392
466137,16.760142422861357
634070,8.28714682017544
753273,14.823992263982998
639792,7.20257440381861
378768,11.946042041324306
613121,7.9881149497097566
864611,15.864122053605959
796351,6.898355479761704
171465,16.615485117303457
417759,15.161643365675484
685259,13.923351812106139
281683,6.225896439772634
536634,8.166514446744484
456293,15.085316704834517
988288,17.702246810932024
799117,13.089097079377622
939061,16.4860483219652
620773,7.78143674632019
517549,16.655536318321868
513560,16.517443985209464
660237,14.788330784047659
110592,11.337674516172822
265858,12.70920752112129
136398,8.065318775797252
472214,7.8812329253600115
824451,14.943969500211631
573635,14.803935244736088
641658,12.29445034254489
821920,17.355417580367167
282607,7.5759249797679855
664405,15.516410133631922
127269,8.198353727988026
470671,8.445750479857493
185506,15.335791188018176
379431,15.675887480853943
870141,15.468317474641998
399701,17.723233796304804
989691,8.112714891842465
909864,14.761857503229649
815648,16.444581978886873
582312,7.088286166593693
641739,15.705514039514737
164774,6.957467687297735
366217,6.565435863583735
102115,14.324852221457109
350376,8.087461103770115
801447,7.411861170298053
324479,11.901652995295999
973425,12.202982113111714
723977,8.654791211474876
701984,12.10372659715109
320090,17.11278412580354
587838,10.922201220201147
384773,11.985509097812045
120029,6.798452858132185
184379,8.78619374173062
588301,14.799242133554019
184408,15.9959948549329
802822,15.585747287378211
628411,7.031078237501489
847312,14.438565788003794
623899,6.917585967316576
682658,14.847735185674734
752474,7.487660501783519
996193,13.886187348143842
103028,10.985873241446674
567416,16.337814619408565
500511,9.601523789588065
337366,15.01072597266883
388741,17.452388631632502
820510,14.019273316187258
393732,6.562978474844035
214008,14.206285884890546
886415,6.324177886072955
592039,10.981566045222328
499736,8.784100331489828
112523,9.130797070989496
859796,13.969531800504969
761741,12.252157104767765
167489,6.65672772527608
206737,19.237761952270613
919268,15.61264161474398
696708,11.2687046289997
780779,17.180916447368404
232404,12.82462001551329
971460,18.924385380788188
466974,11.214522696022232
543214,18.058167188385603
787610,7.647647626820258
470489,16.48206586127145
287128,16.23462596654224
431756,12.509284562988606
171748,9.301916996108785
422604,14.39262693194225
790030,12.099797704092984
960293,18.462121016900273
944928,16.5990663697439
323019,7.72993721279151
790229,12.266428995791648
571580,8.37740733328281
280344,15.097959498228054
292731,15.159689192166793
186925,13.060766895073899
632520,12.092247622538418
253588,15.859075764242705
562689,15.825066628599833
189795,15.539115638749728
908605,15.615126893279163
842966,15.482331595326734
403843,17.613618192348795
151998,13.916495268621198
757606,7.32863932495215
911304,12.152331613988135
275973,14.907805971391639
804675,12.960286469680106
191563,15.61454232675415
273154,14.244340925316084
621422,17.671034436617045
628355,12.138057235393525
403139,10.995814830949913
454913,17.22325833264245
609643,16.07314931803723
699029,12.108763770119324
164464,8.33109647790606
703655,12.769840089921942
113604,6.293698433114253
234867,19.57108387954513
685122,6.959278356581892
114702,7.429424333951264
652230,14.628349979198775
920491,13.085655903754471
841191,15.732533353251002
244414,10.208228396309346
888365,16.688837593596386
733984,16.58890054068613
930809,6.891383589475836
308912,6.37866610036929
152652,14.510806394861596
989817,15.8306790527787
578890,12.81979147812127
463162,12.353183636748218
745387,16.267741846754614
522937,9.071042794746145
971709,17.3920348256172
670142,12.250402605669574
745702,16.232473436363634
388923,17.226432284097605
943103,13.579105637631033
250865,6.173600701139612
572484,13.06995527381412
469749,6.095638193652688
247184,16.242076046695733
289665,17.631274680001585
941155,17.905939892360536
983664,11.068372645281487
398887,8.296996458267367
753380,8.432354716935984
393743,6.726464542861936
997880,16.207953257027714
685785,8.296511132741323
451687,11.721858193508348
515014,7.2682643155745374
670539,12.623932538243835
586013,11.377898462817841
745097,15.719571725173182
817868,8.317931124718468
449515,15.660873427356929
468319,14.16961570354106
886909,12.983051569781994
476181,14.878380947772335
392839,12.070766500770699
594506,10.556051775984873
429051,6.791762198529878
733643,16.95310775440632
243660,6.776388935756956
140162,14.259370426875066
808378,18.74788959144964
903735,7.994780619593246
665533,14.783498126465362
969250,14.893068264083741
572690,17.68446293537456
523271,12.299641277876386
375084,18.74478905891407
751579,7.228156798237717
278447,14.055169234037256
833932,13.777935637615098
502607,11.516187435049547
845212,17.99931506094105
532546,17.213020319954293
978449,8.282522772168624
789181,15.659636712887375
578111,16.472804738125046
337044,9.398899915492931
579915,14.180214230414432
543099,17.41051217892445
855276,14.602091349642405
945343,12.596593185528441
510425,7.105355914135589
366076,16.86249645711457
652769,7.764927188030618
578029,11.966618417200706
749169,6.191389876095784
264404,20.36152198500109
118996,15.992623532308745
391441,15.85925220670949
520383,16.260651802789557
151330,7.0968512528335665
223071,16.36940121701295
817004,8.313822391645907
212123,6.43207655091498
941246,7.157784076269967
198120,14.913626222385922
226352,10.77587699593527
738364,15.345556862579
996919,14.306465883456362
858785,13.989913986611572
442831,15.600963347983338
108116,20.816629620796153
364264,11.789450810655122
679069,16.79614679075745
252226,8.064569172722281
243069,7.038235106780551
554297,12.210440385282245
206014,16.738534953578633
781356,7.027872335717197
913004,13.868917064049034
140877,11.135069554937145
365073,6.939516309232421
371483,16.74054509315258
923164,7.3007606120464095
714465,15.710958980917347
326085,10.40509988878867
587464,12.67946316996527
267600,7.5202684647683835
168485,14.770944092615421
173381,11.333221778075396
229895,7.282521826010343
584925,17.751043834184962
876949,13.450332921235601
300346,15.434983300128723
803561,23.587567779810247
966133,14.232058780826652
657890,12.100824904588938
913512,15.013776162379465
212919,15.221195284993545
640759,17.443564918070983
962236,7.1013714352567465
829842,7.558184424425531
326157,15.113326820627867
722790,14.823344504641074
898751,16.419008012658495
468408,8.50366393865177
737614,7.108352644806239
562408,10.331658184118455
855855,10.806317503796015
773638,7.704987106660037
864559,15.61214480462047
947323,15.615650751619825
562159,14.502381755412731
671567,13.020314112296758
321788,10.274767924211918
920537,7.165817017190043
148779,11.800357884754094
314232,5.737120674624501
767086,8.128731848240454
208549,7.658144404845133
381763,14.753796404899987
228436,14.452181351828573
803750,8.385540361048696
337529,11.276596341542081
501196,10.92915911806504
712083,16.22896083186518
400362,15.256959306904514
404355,6.492664776322274
766368,12.060181101126428
860455,6.857830986571225
247094,12.250474200979768
812028,8.60072411155961
150106,13.296931902940365
352345,6.977609387347946
843855,16.1965520214417
515127,17.189370047810545
402550,6.913322478449381
239240,6.84692847969175
493154,18.470430756458857
240592,12.790425404611454
385006,7.762888366778125
802123,16.009939729884202
914928,12.869388325199816
129192,15.289746765020238
445352,18.058245335898235
365149,14.758001646240912
419918,13.051129475480405
147449,16.13104323437378
587270,11.656089499952204
922069,9.578754205266907
218312,16.38922157141295
225351,8.525718285500048
548542,10.426569837803681
548348,12.907997711255543
691533,13.418607168820188
597046,15.277334411419906
114169,7.7634075139008685
819367,11.81865327958384
620835,21.164234254456026
296271,13.886295519055977
465128,16.869538114590753
306262,15.855378160749236
529390,15.508298061238115
231979,16.488832518255535
929114,7.920673236462577
476585,7.147237087426558
957377,7.24736769374084
819080,17.512827422871133
110073,7.649360548880023
832408,18.486064429431806
853306,14.654674542527461
235400,11.248224997184476
143797,12.660238657733581
842101,7.06713902114584
289301,16.919308399212387
776132,23.117953861634945
365212,16.7480692764779
223904,6.100448028738536
650074,17.022023270299673
429768,15.413269898032286
115201,14.85186030009467
812880,17.097091285180984
532108,14.079601732982148
411323,8.158323231265683
379269,12.807442239565923
467061,15.038260854569614
412499,17.709024382230837
799579,8.142359047333152
393828,16.609468162568113
348081,7.0787042108282465
890147,16.629038496749953
841004,6.766431574089621
168000,9.478978910907413
750471,16.734700502350677
247360,13.220176619091564
427171,5.969927173303297
633227,15.447693733473717
807022,11.941419230774713
770654,6.917975002377618
434718,15.966455871917265
367134,8.060894743925054
196434,10.560360518045014
560026,8.511269787465912
634401,6.623534588372413
820778,7.993598078601514
954137,7.395912878529793
389111,6.449717661485544
602047,8.657233549718582
236081,19.51993517113344
371015,7.6972151613081055
262584,6.974613717627098
572457,7.161806059697538
653828,15.982171657803987
405049,22.706602756708428
555282,16.622094273178966
589974,16.427668291626706
625959,6.763801579025323
818422,11.670375727373091
699387,6.39386672664344
927845,6.943976182036106
593472,15.75159593546519
252094,20.451061227655735
659286,6.679422048951983
925860,16.80762430046895
249029,8.790966110055251
776254,7.339127481100959
718910,15.525334323487593
914051,14.82186552469461
567666,6.3967817939405816
119380,8.20246006762178
570184,16.922625275103204
702657,7.340374688474456
857411,8.266610857765338
603360,13.192085466381087
497762,17.92484056639656
118286,14.973997374882384
975200,14.040029918070058
244198,11.150334082221198
253943,8.541802771262265
966233,13.912894079071167
513164,6.825965232923265
384080,9.165696899660984
572469,8.451836695478189
665034,11.900040845143668
918208,7.116716026016993
547797,6.353625800670537
844791,13.51383144203051
475647,15.383466288521616
383816,14.383199677464308
445283,11.410634207720369
437032,14.11642313921269
159240,11.411107240711042
482148,15.411492549457682
450794,8.282437728450038
376282,14.118155924001066
111792,16.89616056900549
792669,15.472407717853086
988542,13.319219830617616
646640,7.159524106668856
235072,18.14939139524653
230497,7.2051936422269796
745720,17.12699707172739
950163,6.986420502745946
779094,12.939851208495952
610096,7.090033831780924
320311,14.555265283402868
363468,7.199725441924303
192361,7.020986995057549
503704,7.966151335031843
316733,17.19616010868283
489716,6.956710398180961
746409,19.382578023393958
978233,15.363933596824598
294539,12.605992939822297
412756,16.866736752591983
675051,18.394471917966776
319494,6.701480335237567
980840,7.199162699290067
998018,7.843272427050382
683553,16.537468127912067
449181,16.84269009065011
256058,10.88648009852786
752522,8.568663764541613
356733,14.732020764660767
976551,12.74386663694793
379561,15.095087981080475
182659,6.8071612700604565
555199,6.490129009855187
189083,14.065267882266424
978490,16.682062806567355
987667,7.260662336552749
390377,14.212092016743677
758440,17.236900616171887
859983,7.482473001012863
698019,18.421397642062768
744506,15.33880519361316
511705,15.242162440412276
469396,15.31034413684013
303132,14.32159253489604
925259,6.484775113731292
759220,17.108996107300726
672464,6.21547702239278
964267,6.053273699946482
271123,12.777895954453335
450732,14.839456099317413
813250,17.640978375644746
533778,7.325714153631983
361321,6.840877577502572
912689,14.224269237043973
939045,14.450157951829055
912599,7.038379446141561
912772,17.357757593766696
203388,17.949567681146004
127450,19.9244881413264
668903,11.216175626410742
290391,15.751572407110777
193615,16.010087512523405
223117,13.54578531707954
337426,13.29953322077257
342710,14.627825552245092
139593,13.909951096660542
738228,12.385604455946138
117098,10.763282967791717
812137,7.6240632617398365
415631,15.89860914097393
801387,15.967620603781459
581410,7.0376418499104965
642106,6.541374781413095
612702,15.488498024783418
499260,7.090419919794415
615091,11.837396709727699
133630,17.20691320826497
940905,11.592609510990274
299837,17.72112076476818
245527,16.218320927996402
898343,7.973293699471324
996804,8.57266736076975
399634,11.689215120072653
642802,13.098799594337391
506324,15.236195314555054
510100,6.748612534140226
438536,15.338712285038811
578373,6.576741242256189
845355,8.908618406175133
424476,8.465664860131428
275112,6.335183015124863
648728,17.95258603554039
878006,16.886900076570925
376236,6.149292765941296
154632,12.854433840542812
168473,8.380564949476375
776109,15.93506861134381
905756,7.308310513657903
685511,13.930027641210453
104203,12.486704364095464
723343,14.8535254611034
379703,14.830651495418214
234615,6.801285013344642
855728,18.650588047904705
577640,19.508326745339872
370677,21.558096074494856
829963,10.901618279326232
724165,8.292845487192087
104249,17.537725031068277
629001,15.025053670411658
195704,7.181986915402538
541584,7.136950831080307
356969,8.301609109700792
346802,6.826105062259653
206177,10.980030974990397
391495,6.789248934883878
427375,7.949391027722093
338407,12.073350601515598
593373,8.418078170881891
327365,7.380835598701733
367475,11.460163880778012
604984,15.976374970904256
281534,12.500832891253436
943818,12.24201631748119
919859,6.982693147381839
293738,6.81203007348255
709670,17.262178324738617
956499,8.884133134378157
613502,16.246373670920523
614137,14.23876302445617
180612,16.006799006733566
478115,14.473118220116245
909567,17.511418092795218
311072,14.535101620198636
238739,10.752276846064106
650286,6.54110955899993
835178,13.744146367786167
482379,11.67328056291881
605904,16.288909382273633
318452,13.972388116948139
491673,14.377612643301866
700557,14.603211142202767
278434,15.326842646657862
685015,15.638823084461395
630471,14.338107430122932
338451,13.128155242701586
369686,14.493915996859268
496561,7.1239636738596825
970665,5.975309345117778
617609,18.049116863053545
884565,6.876980537500419
470968,6.844102459329341
208209,11.410373157118377
639093,15.255558905850855
125072,13.736785608596126
244811,9.068124985487499
661187,12.266574518161354
173782,10.573805301652602
800696,16.073874819838487
705277,7.318986466387639
617096,10.909137931498687
646411,15.590255895067031
298929,13.861693886791109
174112,13.385565225666637
144372,14.400608996255949
721279,13.123218323192177
527207,7.274139250663055
910179,11.941642132879883
810703,7.088871243174859
852282,15.08187053689218
943331,15.849537776143167
729977,16.52032205579868
831759,16.994336007835233
738106,17.822390224240934
966229,8.41206041517876
859270,14.647920384177063
345316,16.61504465152425
294740,14.740505635588406
170325,10.68320658162025
613233,16.14457004359907
121008,14.119881799778685
493853,13.565349445695093
527914,15.150772122595372
700284,16.476401089824478
488507,18.33400255199324
136939,7.004530188334799
719352,12.144861029876754
499196,14.71170051178785
116816,11.10723018562808
540030,11.630970321393429
496351,6.089847659785137
780231,6.878126186265381
730664,8.041871253280162
397396,6.902190513056245
694904,14.743249335999678
979094,7.567670660941823
727303,10.402916396170838
919762,12.882466282095386
683324,6.303303049951018
210537,13.30988938667568
138223,12.903908009548072
719756,14.433603768241854
290656,11.997129118834142
404855,13.76541669282565
418256,14.413476690800483
443750,11.0938169521988
162139,16.569313598797866
137717,14.822289839770486
506460,7.153507811978222
291479,16.860847939254928
606430,7.5526722086631235
493313,7.579194945016982
526961,7.094765791805997
680882,11.399545803725504
649936,14.576867608887039
835723,15.045126726792885
537928,12.273895789685971
294629,7.1349038327764145
521204,8.870234702946751
506155,8.44163012963275
737723,13.191688217065648
122226,12.48565246887765
980191,14.738604511974243
922848,16.94177356034873
385075,6.729085145658212
273585,15.78252699073717
492161,6.416907783018483
490062,10.93552738870912
722350,6.478632330284968
517059,12.275342695506234
604610,12.296357480106366
661007,13.999462864452948
109791,17.172100096363838
941935,6.391976302407608
198673,7.340646031922996
949263,15.4478276645677
836154,8.243427990988472
643544,17.440454487493483
620395,8.205836737126722
357758,10.049982554274452
521282,8.192562410391623
975685,8.02842498946754
403521,16.170269512115258
746085,18.0343517842181
742383,12.862065530970355
379298,12.389595097490488
935048,7.115650613690706
739760,16.558068031420028
547264,15.6260065121605
551159,6.568738185016502
698676,16.111386702412517
178245,6.598072115602099
125616,7.291903874846474
632468,6.7458786717988595
313867,7.904618935755648
379419,6.820863690535688
945223,14.845228299117615
182099,20.51643174264861
527823,15.577947357058298
994033,16.72632701196455
626371,6.807186710672114
896808,17.18382616339759
293196,15.125444442191982
978458,7.08252472082241
991876,7.08744957524187
517268,16.33856392066133
473249,13.702989197523415
783900,6.707278132920852
650290,12.243746179565553
357288,18.055029464988095
648578,14.468350873292778
706936,8.261321534812916
534828,16.769140919112235
882753,17.506585950353383
255383,17.00863633366354
425934,12.432621077191426
767880,18.87956661073564
242686,8.221235842403987
380859,6.7998718892526435
907841,11.587717058294764
131032,8.324752444659026
539916,19.513150684024374
120629,16.602627981504156
971718,15.350078915655232
298732,12.343443098414133
745994,8.344661299574419
911821,15.95807664902311
379195,16.311055379880145
460106,6.870362345122191
274089,8.061783865935034
873826,8.294014239211775
180646,14.378607027655208
209866,16.43511702955034
866730,7.069837323486292
423319,7.894523631060102
391782,6.408983180181462
577754,14.779832206338305
786148,6.797893285360387
795689,15.420616042387225
386100,15.511672800794932
908241,15.111892496170872
536852,8.899897940464902
361534,17.423834634650007
167546,7.15519540819106
123764,6.0830590957240265
263001,8.799379593136385
656035,6.282344564087212
339287,23.299727975863647
709211,8.435278434211206
388805,11.9789123801998
610667,12.81348597534319
518165,17.53383929407236
434134,8.219008204824867
793578,16.616146369248124
912257,15.207535317120588
751105,14.371163526041743
246829,17.642458960132995
197832,16.29747819880669
796826,12.381494147211757
481131,7.974199293004846
823215,11.187153452691184
899231,15.003658035019324
569747,15.040634518026655
838182,6.728233223663059
238207,6.829253613496382
873128,6.505539345472156
905586,17.058296649664616
221859,14.613389939661234
411502,15.292597648141237
198637,16.126922370180072
159970,8.436039668820381
190020,7.43918044096309
449072,6.723821025032882
159551,8.02188142826483
546090,11.305028819963981
243672,12.005374795978199
133928,7.547518464073959
864578,6.889207974487987
984239,16.331072479687908
100983,15.78165549880987
307721,6.652303426272296
836727,10.880406107493735
480559,12.994667531581747
926520,8.572689354629695
465065,16.152416610675715
548170,18.228144788065304
358024,15.98902140312148
320393,15.907327849937673
443154,11.049110618511012
709587,12.805562821032334
780093,16.740655007614116
148520,15.573564730679692
362483,10.637207024351754
160771,14.838973106385774
484174,7.815155977599335
826798,11.401313002674138
158458,13.651699224756115
357532,15.825348969845502
300729,6.723696162904633
620238,14.685098345800451
694126,7.108522836426208
251172,7.073629828011549
938524,7.602173606403838
816585,7.1008855522236765
264713,17.024969848041565
396699,8.373877600775192
513272,10.6000192088725
841767,15.217836092040903
906482,14.644712686895183
461209,6.860345645870669
224753,13.214529432655945
722964,13.651313701568368
148185,16.497609427033407
961403,7.1649320868199355
497748,14.394293216420916
272549,18.216934464087284
572052,11.920419241035978
732422,15.046498685628878
928203,6.9755094942274125
844742,16.268291448064826
945355,10.197606566731519
191869,16.687528196704324
636833,6.513834090479993
884043,7.5625354931450905
710755,14.74450423674834
967791,6.827666127613743
361272,6.906959612199857
187665,16.333576510657416
768615,16.1976246475742
429983,14.035459614439787
493166,8.579137563017543
935919,7.663465829775908
546415,16.69756979021736
293187,7.112888460916799
922167,15.801475799249205
848097,12.05751111567302
948796,19.07900981775729
723382,8.931950204684677
892162,17.969065698098532
691199,15.862168398563211
475794,14.300136657996775
406106,16.446183744838063
321106,15.299857308435449
855294,14.06386781417239
954559,16.240928518996757
762202,18.48500590636582
813371,12.154706332071019
819380,14.515574154882472
632276,14.62141885974632
652155,7.095725407638419
846539,8.42193940979396
934812,15.410299681878334
590512,16.19904766728923
206259,11.469213604358915
784543,12.64375574514551
241128,9.13631309624316
304214,6.709065810339236
312590,17.775724052075628
292712,15.620294026965716
990533,18.748067753780926
709760,13.593818300981907
146801,16.034872206111732
548763,14.961975492212526
713815,8.411831221194323
284996,15.994222463886318
332251,6.856649842880588
613843,6.689612129084078
457118,6.043391205776294
593218,6.595383005751847
585063,8.19075037831507
783434,16.184782648730156
262404,13.039517840467358
779552,16.97626723678306
735738,16.290815748641066
230636,16.180877819108158
772957,16.133959831998123
544003,14.565277051770378
248349,17.355398023585312
127500,6.957078957424903
176425,16.817138245378867
515713,12.375399022718625
226599,8.02905846967652
912531,12.523642930547187
291447,16.976330374975383
994096,13.266500739999909
168494,16.675651526970903
696430,15.873803367380937
487232,15.248145378891142
768368,7.0081614824603635
826352,11.899584265766721
149936,15.661893832397801
986468,6.969220338675699
922976,6.723086273907153
291765,9.48579890132668
927189,7.143320868544802
934385,6.163077725673626
873057,11.398128406041296
851869,17.58094921470306
577752,11.628172078868264
203282,7.237835692340059
174419,12.54169900289379
654851,15.490848456373106
837985,9.28627533686261
602289,15.304148724852263
413395,6.025470027861741
659260,8.389766463296862
373780,16.56381110935988
404098,11.28638325102603
349699,7.430638907112019
363053,6.926415681074844
630643,8.059235659191911
854154,15.54079510576284
994614,13.109278385540767
258325,15.42732078382296
870268,15.506935878045285
812215,15.188312354642974
237813,6.4839074053487264
765199,13.554698901798368
605152,7.1128477693802665
636483,12.371325461429608
465703,8.081552545125025
270975,15.809210201161903
146494,7.900886719665973
122221,16.793431033855992
311263,8.367879340022057
176824,18.520146561629627
471979,12.312121235303685
652975,15.436577336652189
861545,10.785591828891205
242326,14.784957762530013
176241,14.917644074955257
741151,16.091329979014272
111536,7.322848594650446
133356,8.932267235470963
204757,7.276226901893793
234945,17.32555648145045
357193,17.25513675373827
731452,6.017404408745383
328931,13.846821730917094
387279,15.984327656605771
534430,16.361294592748152
483584,12.588206458594122
767787,8.258295064451104
933835,8.346486233578293
692058,12.715038644960984
230136,18.924289650722518
160786,15.578935787570094
216679,14.310915233170102
923503,17.92658647651894
438895,15.699001386647101
844310,13.042580091980891
678522,7.216655598057034
938230,16.975970777827662
861116,14.172257746235179
765878,14.73271825888637
241804,13.933163306199274
285239,6.235751406165048
664614,15.963292989727812
637764,16.100460266623582
740724,6.874074671251735
922408,9.225664987232186
157130,7.380765549217088
834834,16.032217511466346
666434,6.6377559223279485
632792,5.9666326692400125
798497,16.151740399330322
239641,12.091782069254643
437310,14.314589014057574
941510,11.978420965942284
435184,10.674082033899168
701903,8.322063261224615
855009,5.884714996757093
865647,15.296166330733357
642814,13.693776423993002
337702,6.865245776296876
387491,13.594518159835577
170539,14.961962712411017
373156,10.674751814966125
355484,13.42815177789331
325400,17.674512325584562
807805,17.31778150493429
474226,12.662866541956248
279769,14.825068327630094
417398,11.881975269088974
706209,17.03969056367798
763014,15.317771421025023
455909,15.795861799143935
520697,7.200926894307082
644962,7.276361546292369
463096,16.904114016761397
794654,17.88454340408323
326029,15.485884010590048
305770,8.291975983118668
572390,7.592257181417257
976006,7.237909719612984
434711,18.669614537692553
205671,7.035218908733254
630832,7.5853499422355934
637085,15.28657682613066
590934,6.220468075768344
617281,11.20397542144638
131805,12.41323742049617
171849,7.7267692318387065
274653,6.454526265530552
541808,16.19684838555055
673153,11.181932524906811
108424,14.607079759384437
899723,15.791081678939838
335819,21.333813160855655
597507,7.618092846170302
923759,11.639678258724985
820676,15.045501319935303
686200,7.48617592522911
646993,16.41695480949123
140053,18.292534177082473
122988,15.391148093561323
264620,16.29748847810039
358882,16.903786749621258
276005,6.272816405575099
870065,10.523265026387863
778266,15.656023360239468
426717,11.964193552225652
849063,16.083224291797045
111645,8.324951157876484
509869,7.912594036833176
211056,8.223389549981057
855550,15.113736635814917
615740,16.588027597857607
934732,11.98950556497569
506918,15.714226190531429
232441,15.84065016757809
864166,15.008942918862598
984564,18.080062800792483
633707,12.5181471887169
975882,6.637506779415577
263500,7.280987193147309
696739,12.07460603938848
187068,12.346536515974805
669478,16.79639800286679
246171,7.068262775992345
119168,17.54009257482139
232313,12.706521571691917
584936,13.372423273109463
951410,11.494038313235542
855693,14.335492684041215
659831,12.308365700974498
223703,14.254235797737783
267649,14.358832865869674
399292,14.673595565046988
195683,16.12966120998504
756557,15.250761737267153
190198,15.909485757122175
712362,7.663401865097917
354181,15.704975847476469
272726,16.98156087739865
177913,18.886631788861337
806342,6.607414583091774
440312,6.347584034436893
529994,17.130245883816745
736505,17.545901619017553
574217,17.497212719345416
509978,15.46334367549774
986977,12.996864916335694
943010,13.708017459921638
454562,6.520214258061687
473177,17.192418633154187
298123,7.028762572081196
480586,6.906568038412054
869826,18.027566084688594
800162,8.397150083949592
568441,15.35259630831529
625055,18.5259866137736
431701,13.28522457949574
528926,14.918135791027206
589259,7.933113211052779
484829,14.694194047100282
533486,13.448778437190954
700099,14.820355768247586
780254,13.361618092717345
619591,14.949052133196666
735677,12.012002542874374
939254,7.810298721716913
172338,20.014183286922332
711815,12.02991641009327
243083,12.823853753651678
913380,11.452903150051366
499865,16.796703422849294
253705,6.7284558029658035
914576,15.37126721336911
879672,12.527711844937413
909281,9.130593534719942
930796,11.7611160210638
357772,17.344392891222665
958742,15.47028493657689
620516,15.514170580383425
784444,8.762541662862734
303271,13.35699127182564
706675,14.50313230890705
687803,17.167811077477875
196740,12.518680650207568
726741,14.100236490486642
234884,11.63497049648997
923094,6.814120919525301
582908,15.042082895178718
593187,11.209910059811394
383613,19.61853643943752
722594,6.69055784942242
423475,8.019748023793118
175499,7.019627843162025
679977,18.471728537598544
531098,8.0928694283095
306983,8.165251829315478
162834,7.461622477245539
826654,15.578417826848385
350514,13.764252437277932
280164,7.8570941748783305
700920,6.99294817670952
711662,16.666492369981775
309065,17.029004412243037
829992,16.472891987904983
638001,11.685405991619247
574836,8.998526922216172
849349,13.828302571002801
948240,16.2649774992289
342404,8.431187071570294
364871,11.525355749428405
148356,7.33957439024976
945400,7.16912394616886
473706,12.131104686006436
440153,6.842470476239815
553161,15.816523710866948
986157,16.562605651047473
880147,6.989558017874095
864980,14.9426873197939
672908,11.191097028723473
389866,18.63661804889926
502918,16.24990799888511
999251,18.818688062918145
214214,12.083587461910613
361470,15.867906623715287
153751,14.101619147366064
336789,14.754898467508573
794663,5.782328477603232
757619,14.61343872378057
245877,16.295693644340457
359140,18.56796794265899
240973,15.093900203855355
970033,17.988690340003892
347852,7.678848948657705
398554,12.66390460697996
562660,16.565013920176476
253710,15.141010511030409
555993,15.60955680036888
487292,7.794531885024231
878492,16.514520486983102
299310,13.23823199937301
148943,14.92893271807317
354870,8.312408499292452
953329,12.108737300491766
777826,18.583597026227956
373274,18.990558305177743
626456,6.621062082786133
185083,11.105903945222089
860617,15.458394820465303
676428,22.836859599568154
362591,13.55013891324824
309855,16.840316992253893
741644,13.44060861662549
782889,10.381131101625185
508456,12.597260491323194
370721,15.467707259781474
158654,15.788988000081368
209456,15.500353214430476
811997,15.430040739710577
726439,8.703788432750306
444440,7.995370893160897
344017,7.671548168351583
753870,13.781483484858253
899744,14.697896611846444
790791,18.240082295168524
771746,14.8638624578628
623750,18.04201524461118
498970,15.834578815405548
412526,8.58803953270072
223759,16.15329768623292
560187,6.5702682226301485
642320,18.12956239627687
823225,8.645303739623843
534867,6.609923194290285
483504,14.419676474580047
404043,6.519458144225541
365546,18.401586281639442
597775,14.057809040396043
536002,14.916684447174111
870156,8.679770198837621
106992,7.3670845178546065
821348,7.206308077826623
164455,16.468350420220762
923342,7.490768992588118
584277,8.478713827072685
444650,12.271590739011973
810606,15.607599870909917
557303,15.939123487535905
971707,14.688810084128558
172162,7.968403850328757
386889,11.672230198152183
846067,6.880754632089383
205407,17.67636174811004
638783,14.674646512679102
910539,7.531337510223335
399126,9.043330621563141
812795,6.537322106162339
889234,6.988452887192958
645426,6.900827564406026
487678,15.851162198102006
552448,6.331651189273352
872335,7.360092569631618
916839,15.38070660649269
901762,15.494024477625189
438026,7.360376328557657
223080,13.994287140748312
336509,8.450468762903272
106533,17.150369098956713
747696,9.393667847635754
622056,12.098125944147487
442860,15.091173909714502
468053,8.580145958640014
609755,7.060563486691756
509549,12.03809028658564
709618,19.757475591633888
942818,16.652012460602513
353235,8.066417392173063
228504,15.568551035255764
416462,14.470433194714827
211875,10.71496784976626
205076,14.865158081892492
935413,15.748633187253812
127934,16.116662624489866
975978,14.71715200968034
195156,12.582168587833358
675387,14.651834485965013
300698,16.163218520657487
609275,8.465174644289883
898432,6.192872201478808
641268,11.45597761997598
499300,17.018340843095057
831793,12.268214814867918
105883,15.389644897529125
695906,15.917440100380126
880274,6.854464161153083
996270,7.854176811205293
758614,7.197854874754489
644254,6.661261795688554
908134,11.207386850107763
355767,12.618313090702173
401861,13.533844955915328
408994,17.666846917542124
795732,15.029933215308159
970269,6.34541596244783
978155,15.69339473831276
616362,11.48642650332006
753470,15.719070060276517
906333,19.39154973253728
640918,6.061267079221179
362029,16.317199490391463
673272,6.820170157813227
956213,13.228629449735863
676339,15.084095688621888
180800,8.548292155670175
949912,7.409596341248142
760222,8.625492232012121
271172,17.052106958413194
128915,15.071773117790283
449246,11.387623311686148
820113,10.774236419282964
436849,12.214617344289804
637569,13.490201070536248
500269,17.15128626108865
993916,16.888073608433075
512942,9.426606743437093
483064,17.173637810593537
296145,8.200913168992534
455513,12.010057524005168
640371,8.48436169324809
761105,15.599262272139674
493561,8.333930837970332
286698,8.151824829443715
518504,6.604808819298111
539966,8.928233153521864
334911,18.10982615530379
633465,7.2293450746251615
474626,16.112088610339594
438911,8.092564257193885
499417,10.863781129069599
268436,16.166536627805502
952357,17.3675896921648
634074,15.80743398578471
622914,16.76999192921232
327026,12.97840240232784
647125,15.818396006978976
200335,15.774737761758182
452565,14.611498335841729
697560,8.54696137687855
710282,13.116316749925042
792303,12.21714920051142
561752,6.403684913459989
263395,16.860274000741416
878714,17.20474917144643
621550,14.031053281151507
572012,16.65535330682041
938129,16.727538815127044
449459,12.934558933787295
123647,15.100532684249453
848870,15.62989180365497
760774,6.954413068342623
796110,6.6085863282309285
164872,8.546022588882463
312803,11.480741909825424
761820,15.980102202790215
934052,7.878766665474724
612128,8.765417992298033
625388,6.567808823228981
426949,17.204807777369208
428198,6.948383262170275
650832,15.88394918927103
706637,14.567856854142411
648874,19.72934610587736
180629,8.623977016296129
215921,11.907980226427364
339455,15.67621216096367
540230,13.661564960769992
412643,11.390104071120922
501371,6.881276182049924
344996,8.66074485693494
852591,9.016086210888858
938055,12.537859103828792
250545,15.620289630051781
105313,6.006638146491644
641546,15.769543515434385
278386,15.67011711198465
388753,15.202630431157642
410097,14.456984766330802
342790,13.290437182901272
772018,7.863116556224034
771786,15.250049941503779
451742,14.988575330226812
555985,15.745879064846537
599723,16.239401349900714
161113,14.848622403708642
819239,6.567701837022664
566568,7.276609541125069
385749,8.489236310719585
415614,6.480887765179876
365135,7.435513022994115
739825,15.91552101090788
349989,11.16926869923186
853900,6.035725650159582
773397,16.401153805331603
155917,11.11537128813374
672892,12.23422212799627
114308,7.290223860474237
126705,8.437064080908396
263439,17.607578612195383
565027,13.926426431642321
228775,11.225872911724421
286258,10.676261845255533
767822,6.513004847769336
382839,16.79517742668469
740375,13.811454784948435
256946,6.963716223501091
237104,7.353168068203667
282954,14.34738537545248
292446,15.405363730084057
835905,7.577810748371491
753613,6.700888119143369
559389,17.07794213600702
853376,12.453750171678683
328814,16.002367549364642
963647,14.737071039541645
811170,11.32303399620827
968514,11.160281458037957
262602,19.224488365947536
166929,13.50103619080773
460920,16.19465044860176
438430,13.690525591404173
908884,16.68136262074479
979443,14.560023226141707
603210,8.26694933976708
392679,6.938230709285916
561145,14.549375302690768
542302,15.559833803461743
542706,12.73021219202309
185818,16.01659004798221
377501,7.338771444013776
790576,11.789849962239414
480926,10.302366995566848
845147,17.638211331686655
249128,7.461364252254248
705931,15.145013421682629
303576,14.45788087236883
890897,7.814132847452326
989912,13.207574252074597
984296,11.685950962468818
464554,11.489982663090414
468650,14.689224458790076
210310,6.632060158778585
539508,14.837313182553187
297254,7.241437383214493
230571,11.075305233866455
944127,15.56473899475955
163285,15.992373901436373
394430,8.384135158528126
812166,11.740109797260201
254093,15.88992358377818
772350,7.105644412693805
747926,14.601692312175713
141511,16.417866609469446
945622,14.577327020424564
828716,14.542503769978294
569964,11.435222951966578
236522,11.329435777837775
424324,6.199384851136773
482777,17.817566768051975
414709,14.869758474488693
854634,8.313946894415
488121,14.712238575056851
577887,14.404065239311956
585487,13.063338746094148
336803,10.313468311184895
913874,12.686801612160307
150985,7.973435740339325
334107,17.189801198439948
668913,16.846839210725186
685344,6.030200352099861
863548,6.681036770593141
656440,16.945631571664336
563554,6.9435044682127085
853053,11.669945444579193
975652,7.572003726019335
274480,7.849921096342572
444096,12.399931266971278
199200,6.746649254100925
819868,8.15591336393142
506341,16.6485935403427
817742,8.427234765360716
740474,7.452212466473212
816083,16.86449746409859
567065,11.963467738438554
293837,16.507059173806823
698184,12.234164124427105
828353,14.386268146599217
966709,17.456008126043812
298999,7.255121133733918
255808,6.10035901035266
626406,16.067156361604752
258159,7.111429986373891
813931,9.528112238032591
713553,15.00303801451618
640852,13.738857307076842
504234,13.408364453845719
784622,14.220374844005594
955932,7.959398445622764
506807,6.335444862636978
973021,12.564928719033059
588100,16.75424914334602
757688,15.053419516955582
873488,11.697206392612008
458853,6.644075811666066
435136,12.640275991035574
658340,17.71952011762433
861142,12.173677349247592
145578,11.571796593674824
246886,16.79895244542667
525611,7.514694125511053
514352,15.865458823144081
107401,16.21610838513978
855184,18.29532054942901
212591,5.837489642730702
863605,15.189438416137856
934350,11.648210788757792
384310,6.624836843854831
386248,17.737804389207614
188787,8.201639682745558
196881,15.27645466100377
901412,8.298751076523786
306406,16.596910495255685
863678,7.364845698077718
955873,13.929521396652929
878139,7.344645856298868
185380,14.65895502232336
105523,13.93316274462633
390896,7.560932465426787
542999,10.82167530698374
657063,15.04069828004294
119781,7.021133148022243
212609,13.791554079844973
991414,11.657804027197848
770633,11.774003685948125
180396,14.941432092371038
147842,17.014484663691206
316105,16.904557268134795
318298,6.241018363356877
933611,13.949490185919606
513643,17.2985456933429
714228,15.793056150309244
196351,11.41310794563503
337906,15.469798194113269
597264,14.799944648151707
493376,10.692611980069367
746082,18.90565459223957
961092,14.636558269073372
112421,6.970211648616689
834536,12.71704837891798
908974,14.866529406426672
721349,8.286055770972414
208441,16.559596406716352
793963,15.372638566578818
911960,8.546190737718003
875943,10.999696702782112
511061,7.659326865530796
906708,13.07436268987606
883766,21.255508414205245
821175,12.396280329813003
943607,13.025895572462883
262660,6.768507652848589
955786,17.77697753778159
664214,14.614657727418226
809361,19.56806754439166
176459,14.732713589257076
680757,14.573839462105445
543446,15.209646727878775
829355,15.883106781789492
618475,18.968656594939013
798901,18.03592371104745
754801,13.96344086967661
951246,7.842387323783925
118434,6.965694085494407
336373,15.297563153840313
453088,7.0226649738700155
106985,6.892874033694689
163761,8.512403758351862
461633,6.399259264581347
187806,11.57884496954796
508144,18.640282838353855
977107,15.483660930245279
202985,10.423798653298068
470179,16.385516066472917
898003,7.982807783264828
696129,14.99826218059726
492573,12.005571430430601
915933,12.611918373309683
966738,13.134457007341554
149068,16.657436522635297
903578,16.68943543834979
825973,13.689971354821484
700162,14.302433317133929
813110,8.633043885241895
607668,16.138420861792813
133650,11.652103947173833
379630,16.731915572866985
740933,15.065784589038088
683810,7.265024790055027
849426,16.92363231957273
808769,7.071729060117641
457729,11.519132544819835
511961,16.186659850231887
143803,7.065773734560947
841653,16.238752994241374
923815,6.830897539669363
495719,7.655917660029804
838353,6.275386421784876
747511,10.257663825179655
155247,8.079165839951408
348974,9.153457197746704
903080,15.02478661895201
979775,6.209907191066981
645583,15.098540030811801
480060,16.20504494815596
297386,14.296123309447621
408210,19.855690755914246
174256,14.290424353481761
373569,15.186033986112701
774513,15.44476057061248
355396,17.953598570661008
707477,13.95426010940774
310728,16.3079518335746
577719,7.87435866014806
357745,13.725915558294727
717693,16.243269109084874
906656,15.73483975497492
854923,10.778427266173416
451975,16.285104027164042
436670,16.58179314550727
876978,12.150730645150622
640617,15.16909151235602
332565,7.080519013079041
956550,15.248277250599958
780794,16.012696609595185
400359,6.619593974672267
971553,6.532628221780629
622367,15.270424036707885
935334,15.93552613962972
539089,14.61965819951825
358049,15.852916821667673
649789,13.673281658830293
864730,8.2216888965316
834456,7.039890083315522
383100,14.721514848808443
574237,14.501448163062923
710375,15.625568191746927
814406,12.781559238393273
126650,8.317490501358286
136805,8.211456983894346
895676,15.775457625581183
883142,13.841797375984207
851835,17.52227722643175
707156,14.964103258114699
309463,16.008211243459346
152533,11.883785925862897
790643,7.67729109550878
964693,15.586516100193707
543234,13.783363891414046
185099,7.267506999747474
178701,17.92470453319464
324263,15.034021121978729
436276,14.71140529378404
673674,15.714097195164733
367747,7.05597165257682
932552,14.829597667787757
372795,16.32959499536044
203709,7.36577363628469
360704,7.481315685670393
147666,12.065903244059836
860247,15.567425353470703
518760,8.259348997289965
504700,12.19159603084682
838220,17.010821433072117
453798,13.359597347586579
827979,14.351967809133416
219779,14.60610697800672
257669,12.690157106184126
615435,14.625666858575856
574708,14.160766026640953
573427,17.354898265502595
176458,6.949786590044302
879654,7.052671931080111
557454,17.090319175180422
265566,15.303335395258118
143046,8.082077751133959
536184,6.22933640811943
820958,7.9195770258310825
435141,8.458416730265196
385504,13.226681073355822
207859,17.099718132578037
714570,8.22912406797145
830741,11.071225214385494
167194,14.483271766176578
348595,16.932929154130715
575286,11.493930992586481
588425,17.716785352784385
691974,8.741335092617152
332938,12.059161369719751
726452,7.161365997700874
728372,13.430638703003517
999757,12.400568287622404
915363,6.598902184478154
198409,12.310964594681119
332044,8.113282496593605
397502,7.406799883079112
847510,17.192875937977902
612416,12.581084650946138
850923,7.038960274564945
772819,16.697007003720987
119227,7.177574937415251
584202,12.517323782645816
651841,11.59815172495959
201392,16.97803663398304
111949,16.62318444981373
413917,17.13926371658479
857993,8.99228353018262
685194,8.677124461604876
697824,18.471330638633397
159643,7.5234603347651445
564652,8.633575060642015
553461,7.955508719015667
445660,11.927406459598926
669092,10.846046394363832
994302,7.75088864670456
782186,12.872912041686213
234671,6.922409710717335
167755,15.396425019166644
348953,6.895210201060761
598564,6.454020142490955
895670,16.33167722334191
546535,18.06025517637352
436739,17.316423384057796
511662,15.814843494063137
900055,13.92621424826895
846372,15.308602123249152
289078,10.48760767659573
860194,18.416140924606175
220805,15.188877614383879
234511,16.09012045396227
196980,15.980444269409292
545657,6.991011737371177
735851,15.206437537960271
909294,8.655955630784122
279764,14.83750319892944
158167,7.64098026007
886768,6.706547974730636
529828,17.406494336568215
846911,12.095123180393887
369011,8.35232302183715
333457,14.583487236562581
942777,8.328198390045278
572511,13.81328064514792
730011,11.175426331813346
767261,19.50355489262404
495981,14.970379837043506
615817,8.307510501460733
448212,11.231348810472781
616031,7.716657560882177
879606,8.35162461644966
829270,15.231803774953821
960394,15.187267559719256
629790,8.290792044032523
795043,8.069412112931412
317556,18.101707964741358
858411,11.167290030014385
198188,16.716196519462628
335130,7.105234634274834
200095,11.584220177524202
682649,15.836441532653932
335223,16.18148607752782
406770,13.169096749675063
126623,13.256969231188297
638420,16.656747900602287
774432,14.624842453983995
472987,15.137324233869466
490627,7.222030437892111
694066,16.667886290075565
398481,17.991721977266817
310346,11.04982569434798
391630,14.916701486399472
929474,17.502388291475466
799755,16.239488559563878
818076,16.522712386894934
646665,5.8563839534604885
655661,17.39620468434999
965327,7.125972260769579
544044,15.626302203420606
667598,15.027411117107684
696841,13.555790109300837
584895,15.043729628336642
922915,17.232451139935215
870039,6.981825589901858
879546,12.204499709846381
472631,10.878140658792791
157276,10.776210413130103
753271,15.526455162762991
159615,6.92897114871893
218454,8.391003902654461
614232,13.40735585013096
719100,17.373765004480283
843569,11.245741266263485
672662,7.053976503418893
561717,16.918470312407717
384440,13.676823194625788
317213,16.483704551942903
934434,15.413698858784393
823342,16.625737031802156
404918,13.274185643717816
669797,6.510191731490781
105851,18.496813987611933
989522,12.64139932866468
814971,14.444207184075985
737341,6.905133291485117
749523,6.454818432867053
833453,15.623473293309718
369064,12.43951148689069
876420,18.0467427203601
983649,13.470213236816852
681299,13.05651542328205
105581,7.204045851554593
303815,15.254826778343347
422205,13.915044841846727
719631,7.138747112652356
181509,16.829864085828195
935761,7.010362039517218
710385,6.797219210265297
952816,8.146409059235136
950257,7.033553571561276
262335,11.696292951579744
838096,7.6017562338056335
714424,15.67705547947113
862936,16.42019792632373
277832,8.36329103210113
315429,11.525844302874104
317369,15.731091626057873
692486,8.696041160814895
842487,16.50735502079204
663043,7.624913923125965
146045,14.120441853569991
845106,6.810544582311925
803591,11.91460142439567
569674,15.984009970475247
439993,6.847439854400288
927088,15.553409461478587
240158,7.120162533681618
847577,12.82425612552763
855183,17.25486985445532
775124,14.385517324097776
632082,16.32857617724131
632933,17.17065678432935
506873,15.320132641899507
988529,16.7740351283692
523682,19.28696383954351
997884,16.81787191961232
849885,6.834996141192935
156396,7.010791087718503
732094,6.612999605804342
330231,7.216906321649235
406461,7.473120984401181
436498,15.055666152231705
618711,8.11152079008139
241801,11.600537731465515
758162,10.75247738783972
642739,6.8313485155254465
938674,15.74249789366961
977613,16.961041049971858
196992,8.539866065131946
283278,10.764446340573233
462382,14.761111916699758
673683,7.355303572720685
760125,13.006032615626493
862471,16.273159236175882
192516,6.886330457639755
412650,12.490531450970522
962799,18.48135012388936
197364,21.35836161801339
449277,13.129867543729466
839710,12.42318386576114
967954,17.05356345258773
877626,12.404994886035826
845824,17.36190939738705
112496,15.550478660673912
858503,6.952206593444146
276030,16.04257729213613
128828,11.18152305930932
827328,9.58333311135875
983693,15.516759618407765
974278,16.417807982042003
935422,15.882808790928866
297817,8.168507196397428
155226,15.873611704140945
805851,6.82649973182816
796484,12.419617835834478
748273,8.33134152791833
148681,7.208539861949878
919231,12.533709669046162
849509,11.803083287413845
624291,17.666878462157978
477454,19.570333651399455
649587,15.617665204486451
258346,19.216677191081022
279009,13.970388352543994
548425,19.615898574419255
325285,16.93415658536807
634889,14.072139677766762
619612,6.370768557765559
712018,11.445511847160063
805318,10.948966565741415
966824,7.1225282405223
151601,15.065212559440953
110632,14.998238717687878
968415,13.17088008936081
707574,15.482625167071046
735055,15.181848563335418
645105,11.312456472813725
626019,15.04373418445633
357178,11.152669154149697
583734,17.257876709938795
895882,9.233424720744438
753559,15.748397955267711
240741,7.985835237196851
796821,11.034371701957474
185144,12.423924894845394
916283,8.420892096571515
100717,8.783652119535184
810178,7.963078664504029
759064,15.630013957671515
276123,7.817632058372677
296011,7.772090312111124
104984,11.000308529856069
513915,16.538376621260443
447116,7.374957180332535
799674,11.732776115128933
370039,14.369642424363297
717721,16.38609946904809
838080,8.300995513996238
764952,15.943653026996245
781188,7.0697512074344955
147040,18.017728896827233
403750,11.615595312641977
774842,6.889313430970504
827609,14.030197161081594
247203,6.796178804371789
127008,14.740049392568592
713780,16.794725047670735
883780,12.691362873598468
215808,7.707215960984575
140319,6.374487279193877
196208,6.3507682889394435
646632,17.274181120187574
777491,13.370272829358752
586577,16.17336590184047
794751,13.948448780744817
730826,15.275423654313723
825016,15.745769973007421
177357,11.974538199549718
935599,13.238927137909844
804550,7.789318265229404
168699,18.11881972633615
259987,16.621508808826306
392805,7.402562502628452
801484,17.61655534391134
808513,22.980518376305685
717233,8.052955994479712
954252,12.55135446582423
524516,12.788407086675754
287796,11.893750945029764
304402,15.969626889008778
458480,16.07335139812807
144768,15.803852151779886
604660,17.84523890186556
804240,15.629128852260362
643666,8.47124655384269
761524,16.38185480244323
861600,7.39402603900862
474403,6.07224954565484
290663,18.83812661819542
624356,12.925207091411673
936270,8.4975959990711
151219,8.015377514084722
951035,7.508347968853779
559184,8.470823075186315
697973,12.623776520990353
560980,18.934849755458718
795586,19.83755376146099
400222,17.059764124300415
618251,13.87421322495186
839932,12.342695714504853
649906,14.051718536984676
349146,8.319200459700983
686562,13.568330592476386
369551,16.261022309114047
766210,14.682214706911958
541090,6.155300723993503
631279,8.023842687296066
503140,11.0524758101498
988452,19.870418214970453
643418,6.866726849642769
117793,14.600980424828299
732369,8.435611375675052
815871,19.790452227325897
508159,16.11152636800182
237383,17.65193024314039
245167,14.156303099311927
948763,16.333858181836522
977039,10.939209351838592
144501,6.355764653422424
863300,6.935478568633019
837753,14.908291654580864
773872,17.58291247144055
772950,14.590684044378259
637959,15.553986116821106
995400,10.125774081384389
438955,16.813514613786857
905123,6.28995612071987
107739,13.827523970986944
731314,14.346408453382692
617537,14.242769081990778
798949,6.883196269127583
156397,13.863344840620726
374686,11.848849302440202
322641,7.427402533884776
906618,12.13013144551417
999282,6.586368747050554
965132,17.456474040615483
927092,15.318482752409137
963414,7.027490013834027
100089,17.125839375765093
964481,12.27074045844908
481774,7.1627262770890505
294231,13.915748602019477
833408,17.90171857118175
814543,19.419901643198703
400439,12.128731090584406
110915,12.760807646809452
437621,12.361348826524097
935907,12.53931939828207
994494,11.044736793128726
785549,18.873465114206574
653665,14.53770981619121
919697,16.104892138494666
367325,15.817768270866198
463535,24.711553844430508
165674,6.735383402532673
864013,6.5071040684293315
488591,6.9034157253749475
614769,14.721335628370605
774566,18.523708480873644
658256,16.379915616409765
724293,16.207573806468485
939385,10.480508661206915
145448,12.952960110921575
579482,14.969346157501423
273178,11.135357959080778
600000,17.66892451063652
893067,8.49372348667352
949381,16.726538307176167
100975,7.870740237205766
317696,6.666124585396897
787242,14.074891511656023
468923,8.518336950397343
931983,15.223346537635281
296236,15.173142398165474
327122,6.180841600049771
612726,14.482904567166319
305268,17.1122379711133
812164,14.66752545269201
677509,16.177171092459655
225044,14.652220742941683
535095,14.530065388120425
588195,6.754155928108992
665857,8.057022265697652
640680,15.479366751105948
383971,8.841515269358515
844167,12.743823614863814
761146,10.86728398482149
603507,15.068474347252925
801078,16.88795669375969
996748,15.081452994344348
674169,11.180133941800989
441637,10.856483503384712
317740,12.592359630760853
797351,14.621035395727635
151649,8.324041141980619
962006,14.938219088514717
368907,7.470532258362726
903059,12.465943944587467
453907,10.368859230647347
320055,7.1766456471968265
976019,6.873343326853741
328763,11.564839685888414
903038,13.713140229169234
467948,16.320731258455837
266402,7.185558960683323
305173,14.963565290257772
884082,16.26503144463064
879215,14.733499104529331
618369,15.890552063052251
764418,15.761554042947235
839707,16.963253595579193
559524,7.151931934122061
316875,10.870993722572074
293113,7.20065716845323
143914,15.69551782525797
771606,12.090729446961987
911386,9.355758499041178
696863,7.644517075541853
664930,6.857047659011695
428189,10.938559525087047
339252,14.316160228824097
901655,16.364952511733463
246913,14.246833598136206
493356,20.109703614286854
976371,16.12003211150388
103577,15.933915956442664
225578,14.308488744082819
123570,7.07817360234058
475373,8.548138375630764
261602,11.968235579545247
486110,13.614655258647986
768960,15.178393832492345
181235,17.498467566520823
256717,7.475264604399269
927391,15.053441082530421
978055,8.099984461032157
411419,8.810568550029286
177636,14.333818636178622
329287,16.060453832297803
253057,12.194770198213854
322539,10.56018131451666
530282,16.62020171016804
179499,14.655158572492084
886490,12.616226166935103
874489,15.046041357440801
809238,11.1261891598468
997341,8.465132904513593
192541,12.232566325135638
798702,16.051081227875592
811191,8.17862914485177
701504,12.789917491997647
950715,20.183209435712428
682628,15.423081039132926
886902,12.030052835066952
450803,15.304433452840845
864271,8.290127129066432
227968,15.122518317102788
696882,8.554183236862308
275452,15.809891840295862
692909,12.265608384206455
712442,6.79448287782117
632533,17.888342220855282
140583,14.372954804505833
107424,10.132967633794303
146787,7.8758734287436845
634963,7.869050126073884
742356,12.692656761151955
601375,17.098224345124034
740310,15.8645301539448
799252,14.091679617792183
923278,6.405111151430235
202879,15.652441000303183
647474,6.968719882210734
958594,8.091852044419438
776978,7.559923519493148
558442,15.1965651896555
945330,6.2946320006132055
772450,10.750291414784899
833387,6.30465790803218
891566,6.7481748754590045
690187,11.879939445686967
632797,16.32515861971554
490741,16.987947752599897
812997,7.048027085212444
991834,11.067300178210226
117408,15.527987238051375
477428,5.946371356750044
350368,7.653905077220593
736080,6.393579042831309
963684,7.004130277265442
921392,17.481100937355166
321082,16.29171910229358
367024,15.567753701432464
431519,12.962091356179473
343817,7.034423886256895
732340,16.700727552554085
149499,13.514983721272161
877796,12.861808846129176
545521,15.340136497295264
204745,13.743263743277803
592839,16.816231024679205
861874,21.30164294760795
415799,7.208762260561092
431941,14.271412823101146
276815,16.907831901675166
347347,16.13535321310649
235612,8.364545892609234
648830,14.510727158114612
130920,7.085351563810818
263961,6.632134166729886
390690,16.43662657199714
816535,16.790209527318392
901698,8.334523627402415
370050,7.796818968207994
935981,13.712791738879737
433821,11.020779945962154
329802,6.30588177583711
139406,14.156948187493901
505784,7.201804604314908
419123,14.414089572488852
179875,13.549001881806522
427689,14.986247468205844
955978,18.894782261390983
272880,7.276252030144236
617235,12.539919611463837
663107,7.26021957029717
345614,16.044282587706864
265108,15.285074927096103
861186,18.612485894459255
227921,16.849589090688774
520228,14.382365365470394
517252,18.114404209509498
470418,7.066518601352942
786950,16.57875158063649
514686,6.97508721140185
418784,7.97508893685441
268164,11.823207545982347
547027,6.743555714632066
828416,8.58029394847719
764282,7.3510839624375155
535828,15.210561958424684
474889,5.892021780705906
759889,18.432226503195324
764908,15.28808768721733
371072,14.533237396543493
253230,18.666965536745174
869343,6.135388043790395
313239,8.530470049240828
394396,6.966636876586144
149521,6.785230851143152
763113,11.083694530497434
279277,6.953080228893034
788065,12.490261472371246
767535,16.013993959158352
858264,8.900139550976503
233561,6.738245782730187
840636,6.170457692469435
621055,16.01430332653942
267017,20.410227828373273
368489,14.982772688073032
178326,7.008219690668652
687174,7.289780275609788
662916,16.694471816394366
579078,7.258447732081347
620797,15.98912635685472
323531,6.523776313703127
534036,16.784673434571722
674839,17.65348754835444
637200,17.764679455566974
272244,15.812873663172303
436452,17.10134553661703
863399,7.619416860112415
992740,14.095430443406677
888484,11.032459045340989
662634,12.670933292817795
151751,10.609343695018866
382262,6.764417210392922
483654,13.8600295073418
683168,15.358310964147517
549898,14.633288289189998
983538,16.798936625563766
262831,10.724070248625225
771318,9.046743751840197
876401,6.860664635045396
494493,6.460879612604435
738398,11.592414768132805
377201,7.287313122771818
932589,7.238633853562617
346456,17.15309769342532
850252,8.278935067539972
675235,7.4467814442857945
914980,16.346974720235075
328376,6.830218804877516
647505,11.358360353458071
468538,6.178677632393676
321301,6.831635974313947
424290,14.268076107967236
136105,7.272346749946745
744331,15.588778402791823
797578,15.42177028100048
990682,14.951024001058903
328201,7.333366784638874
125275,6.267775980765285
127812,17.459552782799776
148061,9.01191690917374
690876,13.094939152346605
227269,8.354153932312714
843777,6.73908034401928
896149,11.260336766425736
915145,13.291647352793744
148938,17.574938358958654
545302,13.529077241335473
125093,7.779614836668571
836929,6.8758825926757225
939725,17.48013398751441
944647,17.963665144726484
983117,15.189834997114136
206044,15.212888370206274
245918,7.980638642923806
815237,7.104030124823768
736675,15.070917373704752
115148,6.749761974321699
985653,7.315888111083263
508211,15.009794327133816
617956,15.954032323971202
806732,15.832870628494193
549589,7.444142025627672
280559,11.825095201788232
252032,6.827215896563298
234420,12.718164461282557
504097,14.800579425398647
821471,7.29151215034155
538405,7.1318308021369745
877495,8.326838037678769
953556,16.42062262371639
152086,13.778676621414816
711709,7.827299511239322
268303,14.363789508793262
839218,15.264074665522266
876267,7.890425543118169
284333,13.757230930172739
741656,16.154144881390152
841629,6.745636932903331
515305,17.878384665208312
614100,8.37740411827313
655174,12.856305514386602
842999,11.431149289744514
803146,8.441027996394745
578174,15.308629342028043
365071,13.677376865405181
461306,6.060343268128074
366520,14.247131828555217
933924,8.428316893319254
980383,6.447325537874606
123214,11.736930771896926
749749,21.628160610447793
378679,14.780268064754626
175820,17.519653100166373
321326,14.619120883520978
382695,15.985830713218704
327965,11.542851339022265
647255,7.700865532077677
142777,7.877619428162466
576526,6.939809569763965
856914,16.79561484540328
270029,6.688834757966769
281625,8.186367876412149
791393,14.072714393664892
995740,6.8535320746208654
875019,12.383346646413615
161904,7.2814887007875235
205284,15.62339957829619
404759,15.664107745002262
499320,8.910802441250203
266371,17.30081116629301
537720,11.033309849299963
737911,15.940192322847775
587749,7.139655710982592
407484,18.974859720810706
885116,7.8513730755091355
417152,12.961863971247217
128991,17.507592425907582
284780,14.569570420221568
818038,8.03721732268993
822430,7.520662322253412
547650,17.959613763345587
954478,16.384389153001237
881192,8.771564393654716
674682,14.890112081230317
141548,16.27039771083184
540246,16.01430642902796
373412,20.11288885625664
284112,6.537257062782626
774757,7.055962745805453
846779,22.04208186387625
277771,16.541350207332982
793567,13.440545214590752
351119,14.428178641233973
227982,13.52700313539441
264355,15.911365439975123
161442,15.612556251483168
410869,10.874881224628492
535472,17.36199670950277
629876,15.903948389043672
560507,15.595228861335718
706847,16.9054047186852
889922,15.534637755896435
974810,7.4169007552886
305522,11.63074943490384
997945,14.548498164613527
210706,6.960141351191208
593686,15.966064491673453
886642,16.511841486245366
649712,18.506840604669303
923781,10.903022955431517
468399,8.00993206592139
248128,8.501385491303466
399996,11.636319039279519
466926,14.117853746073653
246084,6.638007525522188
108244,12.621958340372872
503122,18.514444250640114
391113,11.768015638636616
903528,15.249876116799635
349038,11.431902532498828
802192,17.642056549119335
282099,13.148152935898162
371029,7.088894536507723
907298,16.362785430420622
739227,13.986523005949449
677629,8.047619182974012
837948,15.185824428699199
960507,12.78151867481105
542358,15.296032487912932
416467,8.172577561472831
534839,14.692916550843501
918147,14.31545216880675
608575,16.499902199481824
195346,16.993763477844222
891627,6.339963886917295
225610,8.545708897225177
477081,7.65705193600761
343083,10.773682919418457
982073,16.058791007383395
230651,6.510717960369868
730280,7.0557091363337765
227767,10.856547468557519
235823,14.661456465679258
881915,13.634815630700064
682446,14.425497503458834
402326,14.081777939860352
461471,9.636926961427672
723710,6.644401246818333
209066,15.06126108590721
977316,14.990607296245964
199599,17.540025809062872
143291,16.98027721161255
809683,18.055433628651343
134700,14.865712342904741
600130,6.8373798009884315
363842,8.147731696181692
899534,9.53802913394749
177635,16.383083256541504
580383,6.7156580788773494
834361,16.409279654295425
554614,6.277814250568379
832099,11.838455211630949
259257,6.287606783728402
502869,17.903970355846365
773410,8.544851914147506
586416,17.74728251941372
877141,10.779050193807157
254876,8.173254032583868
637987,16.931120267211618
301236,19.099399110677947
577145,15.594260113594919
987033,15.948450992098467
959184,15.509359782398793
830570,12.453653095359215
472992,13.834844703932902
524821,15.16380021280265
650294,6.566060713781885
992791,19.744884046615176
362891,6.331327477794019
796971,6.5674604171524775
556788,12.269196102415531
253459,8.961706510304678
609052,16.138103891228145
447447,16.287384005474188
564914,10.744781430853322
685150,20.93679566324515
105652,15.805431782094082
643661,6.826239933302701
206740,8.144456154596366
441750,7.003546631722452
953862,16.500695435977008
554912,12.42971102930171
453640,11.769955872716055
196780,7.230167538558552
102253,11.031482247490858
687692,8.648164576183238
815998,17.814861660175314
936046,6.6886663089381315
702354,10.069428145315282
820903,7.427867978065253
674395,6.191645839079601
674578,18.030888914534774
863438,16.61816906057908
464731,6.444933396105445
661503,7.719046177266474
504967,13.951896480219697
787411,10.220316726101473
838851,15.674462399663982
458234,14.026791161558778
359526,6.377320618125808
492897,15.794885009942762
502982,15.895359806683025
862033,14.764560203116224
554307,7.485892655159228
386494,10.712669901576241
170027,13.155831852573025
199209,18.26846825529436
945772,15.311253956026732
218870,8.1892476753679
311004,16.952805874977404
731884,14.997685719641582
470772,13.373123862106258
802189,17.72309389241958
820758,15.17172403587132
491592,7.085819624842978
727821,13.27634031672029
557194,18.462959943126418
112485,8.208018377619211
394833,10.892783030521999
642412,8.098676255992565
785657,16.051062343031067
564643,14.01119663666318
603520,14.260268491416674
964180,15.581037575374824
674520,7.191039445643143
601539,6.114616201475049
526390,7.268391504716984
836394,16.09796967441909
807100,15.506844741411212
116292,18.728387986062597
554886,8.273003864209107
734437,6.997143014341455
864859,8.300744532165377
918563,15.789384277682915
742620,6.831571616466591
315735,12.395042818245354
348565,15.618681832808718
375192,11.859774635043163
893178,7.041349829980733
928243,14.984626035868464
116974,15.133296249580997
433176,11.695886037371496
931494,12.075684151987163
176749,7.00426655310424
244654,16.025392377527123
966455,6.953785681157434
744337,8.523039686337427
201205,14.70726530592856
758270,11.159212421596498
979944,6.734774154096063
966832,17.02733916158215
313405,14.036006581577894
749144,6.466477382982299
577594,15.511969488452435
718583,20.44363523621831
485556,17.533842578679685
209844,9.969640248057651
105489,7.9137255927355845
318758,15.55235088893628
387417,15.908575388516653
848765,7.611480241390155
681736,14.731610466934772
952265,7.794897409931826
929906,16.746936990981528
410216,15.982170019777357
482264,7.328205733084857
355725,13.09570966987907
342233,17.3029388260501
608369,15.772830309153598
558200,16.330239413115514
837001,16.57873625792044
103538,12.161622520486794
401698,6.508230297666869
608433,13.265214217043017
765409,13.555839441765096
109602,15.170787843954136
282239,6.755529252675567
374796,11.082072294045883
478691,17.093570389373753
602269,15.615115496332757
554842,17.255863998900114
382260,15.452522531159268
954473,7.617035213139664
391909,7.084251981034554
131315,16.537347982021373
128935,12.211002026466982
428190,17.251462173123855
251012,17.934638612723965
949660,6.960297340511532
743606,17.19773955144056
695180,15.922793907897482
492656,17.048304761535864
384536,8.271242438981243
657676,6.947372878148151
981255,15.7501591448921
453626,16.43422672213866
933666,15.70510749321636
634945,15.020159521023254
285685,6.602517227352883
897356,11.525639663599284
228843,11.14095873447708
934566,16.417339980039202
123130,16.586523235398655
581433,16.908375876388426
356252,6.786721682934314
827477,16.635875045977503
478593,6.902460515871701
945115,8.226227718334831
553646,7.210295013051209
144844,7.585168581082162
851090,6.894971033373592
824401,14.958664567863545
468140,17.923979585160733
347515,15.65887526174977
902799,13.071188391499485
468612,6.349368565905372
565834,12.617171730139084
520689,14.297203971472769
265332,7.577413767234585
840770,6.7563999622292
277463,12.830288897276866
388934,12.325609486924717
451645,15.084374828197975
426955,8.599740393063955
397149,6.568862136643056
970782,11.510963518664807
687343,15.241072576864386
387876,15.728066240385422
913857,18.09722346533093
779501,16.217159975991265
305327,8.32923851352696
200921,15.383656742567496
580585,15.076691000411003
505544,19.746640528238423
424356,13.545319139702448
494435,15.414255997326219
147756,7.376861497870274
461615,16.002509733308862
852624,18.928694628037356
196322,6.441142955315593
868472,17.364456005368858
239187,12.083887915608994
515599,7.138974290498232
356666,16.561956859896053
218369,7.839836235927173
356091,7.354095662103069
148699,13.837939260355611
315039,10.693623181469984
587478,8.103661246163524
533871,13.032615500272515
870767,8.255837729334214
145111,10.634137801743574
949723,7.28917114900531
416827,17.608722168174047
434054,14.837025477106703
764663,15.517202406677741
383231,12.45825410467128
639393,8.528172056258995
260248,6.310937328611513
534429,15.863346428597852
980385,7.408975764013568
387076,7.083449315014973
317667,7.751984426031788
941097,6.485050992206321
265180,16.076554164500504
871367,7.783337717917232
993475,6.5081741273855185
839871,6.782295845247752
925277,12.092337474131583
175888,16.600758632002506
449688,15.360572139078474
216955,20.60885398464672
982858,14.30164924866343
697757,7.124681068233272
239607,12.080470458717912
241528,17.377949648244417
842456,19.29212511946471
250135,11.437808936675703
504689,16.84927499145542
460803,6.8399275715249965
175123,6.942910520118103
669217,11.62252047438386
712014,7.426155286522958
371965,6.2469009394289445
908207,10.972232083990706
872133,16.276725703352547
716735,15.254755054224848
905601,16.445007327467096
896833,12.100703062420045
663056,17.135056051675775
592493,12.625904904784846
226550,6.890700901198705
606179,7.7757082050731245
287009,9.142340736493756
143816,11.243372705141725
468847,14.548884626703037
369976,14.886963298722803
348393,13.015193271683627
696374,15.045584659535315
440435,16.911014668754046
980239,8.329376155129223
947117,7.615754798386916
247921,11.911827187752667
697236,6.66094755935394
913213,12.110429002508322
723828,18.231622808246648
219453,14.125390552756567
166634,15.0814456590102
417581,10.78402082841301
990491,17.12554625358766
162466,13.7566233997558
549334,7.660681484839556
191257,6.8583834213025625
786173,7.35151384869854
187786,12.373922696925382
663942,12.712748798828839
556701,6.742998181772793
467125,8.607387853332694
107596,8.639332668651749
461503,14.78007966222467
843289,6.878309228678689
575124,16.225134532184388
254386,7.1931399222724615
890355,15.270186336499263
846720,18.104326115438788
731201,7.441005781610821
387353,14.95559680767666
871941,6.834322333601658
134782,13.617796216642422
555978,7.367312234338855
942837,12.098070269827106
324952,12.473894265409855
725205,11.358488060968718
420026,10.73610427238822
985621,11.019332246099502
449938,15.322185800925649
720284,12.528214160673343
337312,15.156968880636292
819959,11.20937446858547
256092,7.91795216973739
157190,16.06950023275832
286720,14.619475741812996
183274,7.331541183414579
905721,12.970556253981922
696270,14.683193995737065
341780,7.11894309491261
808342,17.34091705617025
825452,16.483547291037166
433648,19.013838405359024
396829,20.1509235789972
131971,13.311874385850476
287003,13.094161627964908
944394,15.220623613269783
759221,8.595274557880119
441804,17.738590471757746
376566,11.921989683450732
423551,8.07046087976709
626233,16.277391681875525
851291,16.02477124403523
134640,11.18560930072691
197922,15.608707124445719
604141,14.220228775131611
179784,14.7620400127743
217850,16.050178061259817
107428,6.687878282485693
296826,6.7609578537799795
617202,16.69496286345042
397803,6.786112585292181
256061,16.588955038216866
171998,14.709548384056482
815816,15.989754679117562
690088,6.751647064139061
885610,14.731339645268706
288610,16.078071319669725
362931,22.09364527140875
737421,7.318019395632364
303823,15.238785243179812
660930,11.92842312477332
121256,13.658089364206251
484169,14.847436508775603
217195,17.72924531911462
204592,10.447081327059363
393863,15.8751832284278
367962,13.573272682307264
312896,17.104682060193113
857901,8.616603149988656
683429,7.118655605265866
608829,15.659152246211441
250405,11.626231310033834
256556,13.511818718344836
523217,12.631022987146194
166869,6.450115140487571
867067,7.085172309678706
310962,17.622066824954818
132420,18.08770554160352
530931,10.29120548699215
835884,15.314430543947854
789128,15.088659579232747
904475,8.517025255041075
334935,19.127928399555206
609127,16.521514012886424
464601,8.148060453541836
627982,14.95980270449142
111838,12.38531336088989
380175,7.439436105110505
419893,8.463379208847616
597644,15.82481883484897
578262,16.12961712064676
650046,14.667413325803246
949814,6.823334194982957
945636,12.054985186887238
171592,17.559637542769252
216164,6.66555191949284
332548,14.94981639369065
917562,14.71534613241009
531318,11.680280470318293
850918,15.578569274803373
471391,11.888711327411505
147414,6.06152395629754
134399,16.013843145420743
393704,15.126521063255417
856429,9.05365564554884
423705,9.089125700547358
358554,16.5204710892837
375501,16.35075280965907
739727,7.037027285222268
262361,17.425630918933077
557611,15.70355430400733
858247,7.229725779181261
579923,16.535605979585526
550186,6.93853137388161
772412,6.683874058278553
309693,7.34871352519113
289922,11.947591360649056
878678,21.282186364775967
824681,16.214026418795857
197523,6.66990298933929
925761,12.662712543084496
298852,13.054348505430639
917387,17.854430759767485
907456,6.612940646268605
450017,15.855827040349759
435958,14.540733929649027
225695,13.697847548685191
826865,7.4165662403895425
806952,7.778040638106496
290685,8.377710056793635
373900,17.213449225049313
533482,15.998940103619681
532099,7.884466997477818
713434,6.857286120843963
965518,16.538281771452514
722709,13.473534684627673
113981,17.86976590322295
848055,16.634367067012167
308280,12.911720606377045
162496,8.682941567645129
866681,8.571246003023589
287327,17.56818847881458
841953,8.271788720507724
878067,16.33801083703442
344262,7.745868425173481
101290,11.548368893030416
516132,12.397691156502402
652033,14.867788544589835
739502,10.238813883007058
663599,15.142574109588583
764962,16.768705769964434
993624,14.454821435134638
573790,7.783799556679927
911647,15.233787061506712
185404,7.212531616474123
804767,15.36494219304417
172090,8.596150314793762
128140,14.539870442456735
671999,7.892922215179615
696278,15.157151795314034
358055,10.691722189525395
876627,15.105510761701087
587712,15.298796970004759
898569,6.996250051966584
775032,15.391600701310557
702304,14.686945728748645
552830,17.453727767820464
931675,7.048341501883161
478332,16.768488753246228
957708,16.145860215514574
970957,16.39967421190332
350301,7.407709461594568
129602,14.017816249454384
804773,19.215287790913074
663997,7.7828663810486916
530312,12.457202563787618
536074,7.722281214018223
305180,14.317448938581824
577163,10.583045856203668
907648,16.551470642115174
806281,16.377158642783815
261158,6.729464461580144
998105,13.682226392578967
201444,11.023713910151239
151359,12.135806038728271
724734,9.106962583460504
426891,14.767668211283153
270830,8.377115322091134
538615,18.53618685673947
552046,8.749719754384417
878055,7.205936479527536
790483,17.218934184706974
508538,15.379331282448348
302256,15.497294217178723
498964,6.497465262045009
463751,7.051188206769485
568406,16.08356129251336
590740,15.754811834184439
462424,6.9725979832511715
130722,15.57582004347821
326750,15.675609125464689
102205,15.94637133673994
430444,7.490777666213943
120466,11.738058275821606
700913,7.434994074637453
740869,7.337103054267808
757267,16.038044935787376
285006,7.280569346840416
283229,13.881961036081274
240939,6.642725971750774
449994,19.629959374686113
868040,17.799651762591775
918294,17.470083864596834
284933,13.613993785823604
995849,7.241827494260432
938649,14.606357110264687
491005,10.752544081239812
736514,6.602863864504767
292076,16.1913595935575
556185,12.573214095347453
118259,14.216465307109926
371847,14.47430992701404
316029,10.806139196761453
622654,15.457633849889948
694770,7.410753100846203
691444,15.195376162505918
141399,13.589301731576391
278029,6.532997483619048
928702,17.347105743398426
433423,11.21934980269851
323315,13.991397177734544
937064,7.339468112704232
644551,8.483955970084796
555719,15.37433795248026
525801,7.112363399918703
735324,18.955856433185033
462561,7.533890656055206
929763,7.60888194375952
318482,17.738640669778345
834258,23.910034186268465
711862,14.23459802301543
342182,7.670448029514009
285868,9.080946081630875
181738,16.68391175839276
136880,15.52228403067217
988793,14.943722725390971
807925,8.126837461468199
706526,6.73799083899617
949417,20.54288941296123
616286,7.12750414004641
698591,16.266635162063626
733956,7.0383031321474645
946365,15.857825336002731
429515,14.953252167003782
849248,11.6346614552801
493068,6.2995291860671525
624215,16.811132042771124
780299,17.86402288680959
202215,22.67106168442573
494011,12.370268727949053
367561,6.765661936687703
968136,15.668319824548234
146846,6.800338953794234
725335,14.593856719717733
907428,7.9067492167462055
182813,12.114690090229987
137398,15.303501256770364
349164,18.122820406270705
332929,6.988321459160456
802559,12.227583246569552
791135,13.445326800969502
142786,7.043635322168301
894590,15.385872198712754
728020,17.003887511389046
539370,7.016282950093507
625793,15.119330293103301
171898,15.232255654551354
428341,14.844834853097213
921297,12.213010313672957
502513,17.43557633838321
332668,6.311959099262669
347617,8.649187820149224
265443,6.675737106137201
784014,16.618144665498747
694370,15.166518010122315
650174,15.9243628997208
679337,13.909684437785518
802830,7.773165144076496
358089,7.487658315511149
342709,15.291519673049876
315891,10.819025186373175
549523,7.389079711237447
579522,7.162391769094397
208287,7.167828116389668
821655,12.032274047284657
891841,8.504172854208402
384622,17.920179276612146
785404,15.41167286014145
955069,14.837026623157493
705066,7.496643885465098
282649,8.991278775802417
161199,7.231269143360056
703297,15.034551269513898
879252,15.8946065871948
300082,16.385016823982067
962996,17.452853034114792
207250,13.93562419724189
530198,14.843416299280074
955629,7.080847477253722
656818,6.636953385375476
329920,6.69548535950733
383825,8.40144113197341
130260,8.532719001770726
527695,17.9444595124395
919361,16.275295012756864
342009,11.279608560697536
488614,17.909722890041763
233513,18.69411908233433
869709,8.393563067267968
752113,11.876755373490939
720069,8.011923918309208
567339,13.517516637304944
720972,7.465307592589745
242267,12.356212663827623
831809,15.072536868634055
803368,12.894976212847283
966713,16.486183743798165
299122,15.650905076824642
645460,14.187353901592038
706033,17.764400527144762
527743,16.981422345408216
120261,5.966989484796579
679646,6.683034385987355
164819,17.810076322532822
439855,15.927621609201097
480167,16.977356370952023
649280,7.0947006767467675
517540,6.30168223882833
149203,6.630666410620621
118787,8.045781715850175
327138,13.742959937663032
690992,6.761037984618882
616600,7.28912014530017
202656,19.668333159879083
211624,12.553440341593802
982630,6.4635413370776345
890479,16.24086648382892
477143,8.197708906109957
679648,7.802460096900816
793486,8.325806717544776
599176,12.596020755635948
878914,7.2418016895855635
568115,7.843151278238693
502106,15.938852613243412
719850,18.60854822461256
172824,13.926825632921526
453115,13.519801128995727
621361,6.104592926468941
569855,8.670165292681924
148255,7.31374649416229
628433,6.959999878013902
988780,14.683335243553254
149581,16.849001593217658
933248,15.619434079089284
961883,13.389383509904633
295917,15.629600863042576
185890,6.485159054242138
744492,8.2242746921652
942672,7.138490408919845
398618,6.678682724097938
948678,15.276691114851117
709427,8.084132701946235
220604,12.604418927484485
605984,15.467729715407499
519944,16.24871274299062
558662,17.641774420595254
265656,8.518197947284689
630750,7.0947006767467675
642054,7.064529964413036
925246,19.37394167104183
225353,16.18762255229405
353995,14.666107408347116
519022,16.249378815666077
257168,10.861254094895445
861002,6.572439743635711
296703,15.965955563549869
381916,16.032871975279615
920156,15.4379764168605
468120,11.109109737057477
232428,16.701836046805322
112087,15.352769247621934
421188,11.212241382535167
227304,12.410754564618372
175891,12.133889811341028
776683,16.83455944115096
558641,6.886390364581114
902732,8.25747742208324
830649,14.636301534116432
446425,9.164150000295814
173693,17.408076430821787
350810,17.431296239232225
506524,19.018434371938547
757961,6.798738596654181
260882,11.690650979048879
407092,8.390017865545953
960490,16.778418725336746
758150,15.366833979452226
568641,15.746335102700607
230936,6.787500351661859
611905,11.180282117922461
735104,7.186833749340148
415638,15.419779969480498
270260,7.30476661695251
963103,15.921801319056371
826960,14.846260291820421
361970,18.31164130261531
301832,14.390356476340374
848077,13.492696267076596
869247,16.51464138725395
492905,7.427988245030784
658108,14.736125310033454
162180,15.388481464603569
178632,7.232208724232238
749221,15.149012864199452
230897,13.070284292398846
433651,14.802763679806626
838889,7.232529833673707
622090,8.50404258946137
339728,6.059424163735683
328322,6.795416379723633
839199,14.98376020976708
333766,15.880624200947658
689071,6.825894453936387
870762,12.577433011926244
597259,11.716828546515726
818718,14.552830802786662
574119,7.172418672678827
751478,7.378498150231033
243988,15.575725921962814
164334,11.149164306177706
332706,15.33261463715416
255424,12.364562786780542
443858,13.753949422422135
206502,14.570716100774481
828986,15.624448006269446
459095,17.73400064234593
586807,11.289696212001278
223971,15.161755960742681
305992,6.6004829746337705
675764,11.947835447962204
413978,16.95484427652665
683914,15.397427758217534
935820,6.7867522776510105
303947,11.716456789649516
543131,16.67984968979219
852197,6.43874982126822
177069,17.441295294269207
233135,16.36090381088568
224097,12.49990506509055
192662,17.042243922622504
352017,12.627005179145856
852034,15.639618567415026
915646,15.139422447113162
169443,13.085630658902264
250478,16.49481486804821
228107,11.23610230084042
732835,10.439634998234878
157433,14.659096764795661
167443,7.376728406575928
410125,16.306510943855912
316561,12.196374415442051
539249,14.02700368677257
860324,15.262540388727368
591918,10.807824301143116
540359,16.049985682047723
621282,8.291305520455515
852245,6.607571602698236
925738,15.926998974465143
191304,14.590766876525711
420872,8.294193165507448
264513,15.672004653487742
697310,6.78259656513715
164425,7.425616311716404
965586,14.257524100768393
682648,8.133673409451621
369439,14.508626304528681
170491,14.98561368821501
173764,6.685729008741894
340606,11.860948984846315
409253,15.959163197086934
522566,14.24209792478529
570281,13.958656421022402
388464,14.631181131146773
390071,11.691039775842894
571536,17.900322662092933
929848,14.994529116274775
523862,6.840368888604449
185937,17.123615696931378
328618,16.016428255952302
682394,14.94753066307904
888872,6.598043756733743
889058,8.201028479145421
683131,15.132035005018249
977567,15.380164024353384
842537,17.588343117219605
139113,16.841050750884456
271983,15.152511732142129
242585,13.525257353423605
995113,12.58585230252052
196074,18.713482853529264
912702,16.036294502610946
194259,12.017281052266123
395727,13.813219543720148
712557,17.283108851721302
284658,17.242624250023418
781518,6.74584789640498
719182,7.023973888516583
412571,8.773939992615258
602393,16.596677247535784
686924,16.413281147039967
485569,15.439258849515754
781568,7.169013605800652
451841,17.526998716166176
564506,8.088319695163058
651190,17.113991868586428
530266,11.16449462965305
310723,15.180800701003125
952907,6.383940061859773
492625,17.215719210847528
222487,13.676895073167888
784564,14.571339802442266
687827,10.579980654096152
456138,7.111821176234168
619699,15.726244109389754
128071,7.72080278297258
831346,16.19390122751785
571480,7.920561325563953
444537,16.47217781274928
895183,6.730178166714341
273380,16.718743797166432
640783,16.033432210119948
420056,15.443709164951747
728786,17.625986709772867
280722,15.782582038672286
231673,16.23266217648144
419249,17.34800141876677
180655,16.011830409384732
764013,12.091792544978519
879503,7.069982388347266
237057,14.67303729883694
